semantic_row_id,modeling_row_id,publication_country,publication_source,publication_year,publication_reference_id,publication_group
0,0,,shared_semantic_dataset,,Ref-1-data,Ref-1-data
1,1,,shared_semantic_dataset,,Ref-1-data,Ref-1-data
2,2,,shared_semantic_dataset,,Ref-1-data,Ref-1-data
3,3,,shared_semantic_dataset,,Ref-1-data,Ref-1-data
4,4,,shared_semantic_dataset,,Ref-1-data,Ref-1-data
5,5,,shared_semantic_dataset,,Ref-1-data,Ref-1-data
6,6,,shared_semantic_dataset,,Ref-1-data,Ref-1-data
7,7,,shared_semantic_dataset,,Ref-1-data,Ref-1-data
8,8,,shared_semantic_dataset,,Ref-1-data,Ref-1-data
9,9,,shared_semantic_dataset,,Ref-1-data,Ref-1-data
10,10,,shared_semantic_dataset,,Ref-1-data,Ref-1-data
11,11,,shared_semantic_dataset,,Ref-1-data,Ref-1-data
12,12,,shared_semantic_dataset,,Ref-1-data,Ref-1-data
13,13,,shared_semantic_dataset,,Ref-1-data,Ref-1-data
14,14,,shared_semantic_dataset,,Ref-1-data,Ref-1-data
15,15,,shared_semantic_dataset,,Ref-1-data,Ref-1-data
19,19,,shared_semantic_dataset,,Ref-3-Research,Ref-3-Research
20,20,,shared_semantic_dataset,,Ref-3-Research,Ref-3-Research
21,21,,shared_semantic_dataset,,Ref-3-Research,Ref-3-Research
22,22,,shared_semantic_dataset,,Ref-3-Research,Ref-3-Research
23,23,,shared_semantic_dataset,,Ref-3-Research,Ref-3-Research
24,24,,shared_semantic_dataset,,Ref-3-Research,Ref-3-Research
25,25,,shared_semantic_dataset,,Ref-3-Research,Ref-3-Research
26,26,,shared_semantic_dataset,,Ref-3-Research,Ref-3-Research
27,27,,shared_semantic_dataset,,Ref-3-Research,Ref-3-Research
28,28,,shared_semantic_dataset,,Ref-3-Research,Ref-3-Research
29,29,,shared_semantic_dataset,,Ref-3-Research,Ref-3-Research
30,30,,shared_semantic_dataset,,Ref-3-Research,Ref-3-Research
31,31,,shared_semantic_dataset,,Ref-3-Research,Ref-3-Research
32,32,,shared_semantic_dataset,,Ref-3-Research,Ref-3-Research
33,33,,shared_semantic_dataset,,Ref-3-Research,Ref-3-Research
34,34,,shared_semantic_dataset,,Ref-3-Research,Ref-3-Research
35,35,,shared_semantic_dataset,,Ref-3-Research,Ref-3-Research
36,36,,shared_semantic_dataset,,Ref-3-Research,Ref-3-Research
57,57,,shared_semantic_dataset,,Ref-5-Research,Ref-5-Research
58,58,,shared_semantic_dataset,,Ref-5-Research,Ref-5-Research
59,59,,shared_semantic_dataset,,Ref-5-Research,Ref-5-Research
60,60,,shared_semantic_dataset,,Ref-5-Research,Ref-5-Research
61,61,,shared_semantic_dataset,,Ref-5-Research,Ref-5-Research
62,62,,shared_semantic_dataset,,Ref-5-Research,Ref-5-Research
63,63,,shared_semantic_dataset,,Ref-5-Research,Ref-5-Research
64,64,,shared_semantic_dataset,,Ref-5-Research,Ref-5-Research
65,65,,shared_semantic_dataset,,Ref-5-Research,Ref-5-Research
66,66,,shared_semantic_dataset,,Ref-5-Research,Ref-5-Research
67,67,,shared_semantic_dataset,,Ref-5-Research,Ref-5-Research
68,68,,shared_semantic_dataset,,Ref-5-Research,Ref-5-Research
69,69,,shared_semantic_dataset,,Ref-5-Research,Ref-5-Research
70,70,,shared_semantic_dataset,,Ref-5-Research,Ref-5-Research
71,71,,shared_semantic_dataset,,Ref-5-Research,Ref-5-Research
72,72,,shared_semantic_dataset,,Ref-5-Research,Ref-5-Research
73,73,,shared_semantic_dataset,,Ref-5-Research,Ref-5-Research
74,74,,shared_semantic_dataset,,Ref-5-Research,Ref-5-Research
75,75,,shared_semantic_dataset,,Ref-5-Research,Ref-5-Research
76,76,,shared_semantic_dataset,,Ref-5-Research,Ref-5-Research
77,77,,shared_semantic_dataset,,Ref-5-Research,Ref-5-Research
78,78,,shared_semantic_dataset,,Ref-5-Research,Ref-5-Research
79,79,,shared_semantic_dataset,,Ref-5-Research,Ref-5-Research
80,80,,shared_semantic_dataset,,Ref-5-Research,Ref-5-Research
81,81,,shared_semantic_dataset,,Ref-5-Research,Ref-5-Research
82,82,,shared_semantic_dataset,,Ref-6-Research,Ref-6-Research
83,83,,shared_semantic_dataset,,Ref-6-Research,Ref-6-Research
84,84,,shared_semantic_dataset,,Ref-6-Research,Ref-6-Research
85,85,,shared_semantic_dataset,,Ref-6-Research,Ref-6-Research
86,86,,shared_semantic_dataset,,Ref-6-Research,Ref-6-Research
87,87,,shared_semantic_dataset,,Ref-6-Research,Ref-6-Research
88,88,,shared_semantic_dataset,,Ref-6-Research,Ref-6-Research
89,89,,shared_semantic_dataset,,Ref-6-Research,Ref-6-Research
90,90,,shared_semantic_dataset,,Ref-6-Research,Ref-6-Research
91,91,,shared_semantic_dataset,,Ref-6-Research,Ref-6-Research
92,92,,shared_semantic_dataset,,Ref-6-Research,Ref-6-Research
93,93,,shared_semantic_dataset,,Ref-6-Research,Ref-6-Research
94,94,,shared_semantic_dataset,,Ref-6-Research,Ref-6-Research
95,95,,shared_semantic_dataset,,Ref-6-Research,Ref-6-Research
96,96,,shared_semantic_dataset,,Ref-6-Research,Ref-6-Research
97,97,,shared_semantic_dataset,,Ref-6-Research,Ref-6-Research
98,98,,shared_semantic_dataset,,Ref-6-Research,Ref-6-Research
99,99,,shared_semantic_dataset,,Ref-6-Research,Ref-6-Research
100,100,,shared_semantic_dataset,,Ref-6-Research,Ref-6-Research
101,101,,shared_semantic_dataset,,Ref-6-Research,Ref-6-Research
102,102,,shared_semantic_dataset,,Ref-6-Research,Ref-6-Research
103,103,,shared_semantic_dataset,,Ref-6-Research,Ref-6-Research
104,104,,shared_semantic_dataset,,Ref-6-Research,Ref-6-Research
105,105,,shared_semantic_dataset,,Ref-6-Research,Ref-6-Research
106,106,,shared_semantic_dataset,,Ref-7-Research,Ref-7-Research
107,107,,shared_semantic_dataset,,Ref-7-Research,Ref-7-Research
108,108,,shared_semantic_dataset,,Ref-7-Research,Ref-7-Research
109,109,,shared_semantic_dataset,,Ref-7-Research,Ref-7-Research
110,110,,shared_semantic_dataset,,Ref-7-Research,Ref-7-Research
111,111,,shared_semantic_dataset,,Ref-7-Research,Ref-7-Research
112,112,,shared_semantic_dataset,,Ref-8-Research,Ref-8-Research
113,113,,shared_semantic_dataset,,Ref-8-Research,Ref-8-Research
114,114,,shared_semantic_dataset,,Ref-8-Research,Ref-8-Research
115,115,,shared_semantic_dataset,,Ref-8-Research,Ref-8-Research
120,120,,shared_semantic_dataset,,Ref-10-Research,Ref-10-Research
121,121,,shared_semantic_dataset,,Ref-10-Research,Ref-10-Research
122,122,,shared_semantic_dataset,,Ref-10-Research,Ref-10-Research
123,123,,shared_semantic_dataset,,Ref-10-Research,Ref-10-Research
124,124,,shared_semantic_dataset,,Ref-10-Research,Ref-10-Research
125,125,,shared_semantic_dataset,,Ref-10-Research,Ref-10-Research
126,126,,shared_semantic_dataset,,Ref-10-Research,Ref-10-Research
127,127,,shared_semantic_dataset,,Ref-11-Research ,Ref-11-Research 
128,128,,shared_semantic_dataset,,Ref-11-Research ,Ref-11-Research 
129,129,,shared_semantic_dataset,,Ref-11-Research ,Ref-11-Research 
130,130,,shared_semantic_dataset,,Ref-11-Research ,Ref-11-Research 
135,135,,shared_semantic_dataset,,Ref-13-Research,Ref-13-Research
136,136,,shared_semantic_dataset,,Ref-13-Research,Ref-13-Research
137,137,,shared_semantic_dataset,,Ref-13-Research,Ref-13-Research
138,138,,shared_semantic_dataset,,Ref-13-Research,Ref-13-Research
139,139,,shared_semantic_dataset,,Ref-13-Research,Ref-13-Research
140,140,,shared_semantic_dataset,,Ref-13-Research,Ref-13-Research
141,141,,shared_semantic_dataset,,Ref-13-Research,Ref-13-Research
142,142,,shared_semantic_dataset,,Ref-13-Research,Ref-13-Research
143,143,,shared_semantic_dataset,,Ref-13-Research,Ref-13-Research
144,144,,shared_semantic_dataset,,Ref-13-Research,Ref-13-Research
145,145,,shared_semantic_dataset,,Ref-13-Research,Ref-13-Research
146,146,,shared_semantic_dataset,,Ref-13-Research,Ref-13-Research
147,147,,shared_semantic_dataset,,Ref-13-Research,Ref-13-Research
148,148,,shared_semantic_dataset,,Ref-13-Research,Ref-13-Research
149,149,,shared_semantic_dataset,,Ref-13-Research,Ref-13-Research
150,150,,shared_semantic_dataset,,Ref-13-Research,Ref-13-Research
151,151,,shared_semantic_dataset,,Ref-13-Research,Ref-13-Research
152,152,,shared_semantic_dataset,,Ref-13-Research,Ref-13-Research
153,153,,shared_semantic_dataset,,Ref-13-Research,Ref-13-Research
154,154,,shared_semantic_dataset,,Ref-13-Research,Ref-13-Research
155,155,,shared_semantic_dataset,,Ref-13-Research,Ref-13-Research
156,156,,shared_semantic_dataset,,Ref-13-Research,Ref-13-Research
157,157,,shared_semantic_dataset,,Ref-13-Research,Ref-13-Research
158,158,,shared_semantic_dataset,,Ref-13-Research,Ref-13-Research
159,159,,shared_semantic_dataset,,Ref-13-Research,Ref-13-Research
160,160,,shared_semantic_dataset,,Ref-13-Research,Ref-13-Research
161,161,,shared_semantic_dataset,,Ref-13-Research,Ref-13-Research
162,162,,shared_semantic_dataset,,Ref-14-Research,Ref-14-Research
163,163,,shared_semantic_dataset,,Ref-14-Research,Ref-14-Research
164,164,,shared_semantic_dataset,,Ref-14-Research,Ref-14-Research
165,165,,shared_semantic_dataset,,Ref-14-Research,Ref-14-Research
166,166,,shared_semantic_dataset,,Ref-14-Research,Ref-14-Research
167,167,,shared_semantic_dataset,,Ref-14-Research,Ref-14-Research
168,168,,shared_semantic_dataset,,Ref-14-Research,Ref-14-Research
169,169,,shared_semantic_dataset,,Ref-14-Research,Ref-14-Research
170,170,,shared_semantic_dataset,,Ref-14-Research,Ref-14-Research
171,171,,shared_semantic_dataset,,Ref-14-Research,Ref-14-Research
172,172,,shared_semantic_dataset,,Ref-15-Research,Ref-15-Research
173,173,,shared_semantic_dataset,,Ref-15-Research,Ref-15-Research
174,174,,shared_semantic_dataset,,Ref-15-Research,Ref-15-Research
175,175,,shared_semantic_dataset,,Ref-15-Research,Ref-15-Research
176,176,,shared_semantic_dataset,,Ref-15-Research,Ref-15-Research
177,177,,shared_semantic_dataset,,Ref-15-Research,Ref-15-Research
178,178,,shared_semantic_dataset,,Ref-15-Research,Ref-15-Research
179,179,,shared_semantic_dataset,,Ref-15-Research,Ref-15-Research
180,180,,shared_semantic_dataset,,Ref-15-Research,Ref-15-Research
181,181,,shared_semantic_dataset,,Ref-15-Research,Ref-15-Research
182,182,,shared_semantic_dataset,,Ref-15-Research,Ref-15-Research
183,183,,shared_semantic_dataset,,Ref-15-Research,Ref-15-Research
184,184,,shared_semantic_dataset,,Ref-15-Research,Ref-15-Research
185,185,,shared_semantic_dataset,,Ref-15-Research,Ref-15-Research
186,186,,shared_semantic_dataset,,Ref-15-Research,Ref-15-Research
187,187,,shared_semantic_dataset,,Ref-15-Research,Ref-15-Research
188,188,,shared_semantic_dataset,,Ref-16-Research,Ref-16-Research
189,189,,shared_semantic_dataset,,Ref-16-Research,Ref-16-Research
190,190,,shared_semantic_dataset,,Ref-16-Research,Ref-16-Research
191,191,,shared_semantic_dataset,,Ref-16-Research,Ref-16-Research
192,192,,shared_semantic_dataset,,Ref-16-Research,Ref-16-Research
193,193,,shared_semantic_dataset,,Ref-16-Research,Ref-16-Research
194,194,,shared_semantic_dataset,,Ref-16-Research,Ref-16-Research
195,195,,shared_semantic_dataset,,Ref-16-Research,Ref-16-Research
196,196,,shared_semantic_dataset,,Ref-16-Research,Ref-16-Research
197,197,,shared_semantic_dataset,,Ref-16-Research,Ref-16-Research
198,198,,shared_semantic_dataset,,Ref-16-Research,Ref-16-Research
199,199,,shared_semantic_dataset,,Ref-17-Research,Ref-17-Research
200,200,,shared_semantic_dataset,,Ref-17-Research,Ref-17-Research
201,201,,shared_semantic_dataset,,Ref-17-Research,Ref-17-Research
202,202,,shared_semantic_dataset,,Ref-17-Research,Ref-17-Research
203,203,,shared_semantic_dataset,,Ref-17-Research,Ref-17-Research
204,204,,shared_semantic_dataset,,Ref-17-Research,Ref-17-Research
205,205,,shared_semantic_dataset,,Ref-17-Research,Ref-17-Research
206,206,,shared_semantic_dataset,,Ref-17-Research,Ref-17-Research
207,207,,shared_semantic_dataset,,Ref-17-Research,Ref-17-Research
208,208,,shared_semantic_dataset,,Ref-17-Research,Ref-17-Research
209,209,,shared_semantic_dataset,,Ref-18-Research,Ref-18-Research
210,210,,shared_semantic_dataset,,Ref-18-Research,Ref-18-Research
211,211,,shared_semantic_dataset,,Ref-18-Research,Ref-18-Research
212,212,,shared_semantic_dataset,,Ref-18-Research,Ref-18-Research
213,213,,shared_semantic_dataset,,Ref-18-Research,Ref-18-Research
214,214,,shared_semantic_dataset,,Ref-18-Research,Ref-18-Research
215,215,,shared_semantic_dataset,,Ref-18-Research,Ref-18-Research
216,216,,shared_semantic_dataset,,Ref-18-Research,Ref-18-Research
217,217,,shared_semantic_dataset,,Ref-18-Research,Ref-18-Research
218,218,,shared_semantic_dataset,,Ref-18-Research,Ref-18-Research
219,219,,shared_semantic_dataset,,Ref-18-Research,Ref-18-Research
220,220,,shared_semantic_dataset,,Ref-18-Research,Ref-18-Research
221,221,,shared_semantic_dataset,,Ref-19-Research,Ref-19-Research
222,222,,shared_semantic_dataset,,Ref-19-Research,Ref-19-Research
223,223,,shared_semantic_dataset,,Ref-19-Research,Ref-19-Research
224,224,,shared_semantic_dataset,,Ref-19-Research,Ref-19-Research
225,225,,shared_semantic_dataset,,Ref-19-Research,Ref-19-Research
226,226,,shared_semantic_dataset,,Ref-19-Research,Ref-19-Research
227,227,,shared_semantic_dataset,,Ref-19-Research,Ref-19-Research
228,228,,shared_semantic_dataset,,Ref-19-Research,Ref-19-Research
229,229,,shared_semantic_dataset,,Ref-19-Research,Ref-19-Research
230,230,,shared_semantic_dataset,,Ref-19-Research,Ref-19-Research
231,231,,shared_semantic_dataset,,Ref-19-Research,Ref-19-Research
232,232,,shared_semantic_dataset,,Ref-19-Research,Ref-19-Research
233,233,,shared_semantic_dataset,,Ref-19-Research,Ref-19-Research
234,234,,shared_semantic_dataset,,Ref-19-Research,Ref-19-Research
235,235,,shared_semantic_dataset,,Ref-19-Research,Ref-19-Research
236,236,,shared_semantic_dataset,,Ref-19-Research,Ref-19-Research
237,237,,shared_semantic_dataset,,Ref-19-Research,Ref-19-Research
238,238,,shared_semantic_dataset,,Ref-19-Research,Ref-19-Research
239,239,,shared_semantic_dataset,,Ref-19-Research,Ref-19-Research
240,240,,shared_semantic_dataset,,Ref-20-Research,Ref-20-Research
241,241,,shared_semantic_dataset,,Ref-20-Research,Ref-20-Research
242,242,,shared_semantic_dataset,,Ref-20-Research,Ref-20-Research
243,243,,shared_semantic_dataset,,Ref-20-Research,Ref-20-Research
244,244,,shared_semantic_dataset,,Ref-20-Research,Ref-20-Research
245,245,,shared_semantic_dataset,,Ref-20-Research,Ref-20-Research
246,246,,shared_semantic_dataset,,Ref-20-Research,Ref-20-Research
247,247,,shared_semantic_dataset,,Ref-20-Research,Ref-20-Research
248,248,,shared_semantic_dataset,,Ref-20-Research,Ref-20-Research
249,249,,shared_semantic_dataset,,Ref-20-Research,Ref-20-Research
250,250,,shared_semantic_dataset,,Ref-21-Research,Ref-21-Research
251,251,,shared_semantic_dataset,,Ref-21-Research,Ref-21-Research
252,252,,shared_semantic_dataset,,Ref-21-Research,Ref-21-Research
253,253,,shared_semantic_dataset,,Ref-21-Research,Ref-21-Research
254,254,,shared_semantic_dataset,,Ref-21-Research,Ref-21-Research
255,255,,shared_semantic_dataset,,Ref-21-Research,Ref-21-Research
256,256,,shared_semantic_dataset,,Ref-21-Research,Ref-21-Research
257,257,,shared_semantic_dataset,,Ref-21-Research,Ref-21-Research
258,258,,shared_semantic_dataset,,Ref-21-Research,Ref-21-Research
259,259,,shared_semantic_dataset,,Ref-21-Research,Ref-21-Research
260,260,,shared_semantic_dataset,,Ref-21-Research,Ref-21-Research
261,261,,shared_semantic_dataset,,Ref-21-Research,Ref-21-Research
262,262,,shared_semantic_dataset,,Ref-21-Research,Ref-21-Research
263,263,,shared_semantic_dataset,,Ref-21-Research,Ref-21-Research
264,264,,shared_semantic_dataset,,Ref-21-Research,Ref-21-Research
265,265,,shared_semantic_dataset,,Ref-21-Research,Ref-21-Research
266,266,,shared_semantic_dataset,,Ref-21-Research,Ref-21-Research
267,267,,shared_semantic_dataset,,Ref-21-Research,Ref-21-Research
268,268,,shared_semantic_dataset,,Ref-21-Research,Ref-21-Research
269,269,,shared_semantic_dataset,,Ref-21-Research,Ref-21-Research
270,270,,shared_semantic_dataset,,Ref-21-Research,Ref-21-Research
271,271,,shared_semantic_dataset,,Ref-21-Research,Ref-21-Research
272,272,,shared_semantic_dataset,,Ref-21-Research,Ref-21-Research
273,273,,shared_semantic_dataset,,Ref-21-Research,Ref-21-Research
274,274,,shared_semantic_dataset,,Ref-21-Research,Ref-21-Research
275,275,,shared_semantic_dataset,,Ref-21-Research,Ref-21-Research
276,276,,shared_semantic_dataset,,Ref-21-Research,Ref-21-Research
277,277,,shared_semantic_dataset,,Ref-22-Research,Ref-22-Research
278,278,,shared_semantic_dataset,,Ref-22-Research,Ref-22-Research
279,279,,shared_semantic_dataset,,Ref-22-Research,Ref-22-Research
280,280,,shared_semantic_dataset,,Ref-22-Research,Ref-22-Research
281,281,,shared_semantic_dataset,,Ref-22-Research,Ref-22-Research
282,282,,shared_semantic_dataset,,Ref-22-Research,Ref-22-Research
283,283,,shared_semantic_dataset,,Ref-23-Research,Ref-23-Research
284,284,,shared_semantic_dataset,,Ref-23-Research,Ref-23-Research
285,285,,shared_semantic_dataset,,Ref-23-Research,Ref-23-Research
286,286,,shared_semantic_dataset,,Ref-23-Research,Ref-23-Research
287,287,,shared_semantic_dataset,,Ref-23-Research,Ref-23-Research
288,288,,shared_semantic_dataset,,Ref-23-Research,Ref-23-Research
289,289,,shared_semantic_dataset,,Ref-23-Research,Ref-23-Research
290,290,,shared_semantic_dataset,,Ref-23-Research,Ref-23-Research
291,291,,shared_semantic_dataset,,Ref-23-Research,Ref-23-Research
292,292,,shared_semantic_dataset,,Ref-23-Research,Ref-23-Research
293,293,,shared_semantic_dataset,,Ref-23-Research,Ref-23-Research
294,294,,shared_semantic_dataset,,Ref-23-Research,Ref-23-Research
295,295,,shared_semantic_dataset,,Ref-24-Research,Ref-24-Research
296,296,,shared_semantic_dataset,,Ref-24-Research,Ref-24-Research
297,297,,shared_semantic_dataset,,Ref-24-Research,Ref-24-Research
298,298,,shared_semantic_dataset,,Ref-24-Research,Ref-24-Research
299,299,,shared_semantic_dataset,,Ref-24-Research,Ref-24-Research
300,300,,shared_semantic_dataset,,Ref-24-Research,Ref-24-Research
301,301,,shared_semantic_dataset,,Ref-24-Research,Ref-24-Research
302,302,,shared_semantic_dataset,,Ref-24-Research,Ref-24-Research
303,303,,shared_semantic_dataset,,Ref-24-Research,Ref-24-Research
304,304,,shared_semantic_dataset,,Ref-24-Research,Ref-24-Research
305,305,,shared_semantic_dataset,,Ref-24-Research,Ref-24-Research
306,306,,shared_semantic_dataset,,Ref-24-Research,Ref-24-Research
307,307,,shared_semantic_dataset,,Ref-24-Research,Ref-24-Research
308,308,,shared_semantic_dataset,,Ref-24-Research,Ref-24-Research
309,309,,shared_semantic_dataset,,Ref-24-Research,Ref-24-Research
310,310,,shared_semantic_dataset,,Ref-24-Research,Ref-24-Research
311,311,,shared_semantic_dataset,,Ref-24-Research,Ref-24-Research
312,312,,shared_semantic_dataset,,Ref-24-Research,Ref-24-Research
313,313,,shared_semantic_dataset,,Ref-24-Research,Ref-24-Research
314,314,,shared_semantic_dataset,,Ref-24-Research,Ref-24-Research
315,315,,shared_semantic_dataset,,Ref-25-Research,Ref-25-Research
316,316,,shared_semantic_dataset,,Ref-25-Research,Ref-25-Research
317,317,,shared_semantic_dataset,,Ref-25-Research,Ref-25-Research
318,318,,shared_semantic_dataset,,Ref-25-Research,Ref-25-Research
319,319,,shared_semantic_dataset,,Ref-25-Research,Ref-25-Research
320,320,,shared_semantic_dataset,,Ref-25-Research,Ref-25-Research
321,321,,shared_semantic_dataset,,Ref-25-Research,Ref-25-Research
322,322,,shared_semantic_dataset,,Ref-25-Research,Ref-25-Research
323,323,,shared_semantic_dataset,,Ref-25-Research,Ref-25-Research
324,324,,shared_semantic_dataset,,Ref-25-Research,Ref-25-Research
325,325,,shared_semantic_dataset,,Ref-25-Research,Ref-25-Research
326,326,,shared_semantic_dataset,,Ref-26-Research,Ref-26-Research
327,327,,shared_semantic_dataset,,Ref-26-Research,Ref-26-Research
328,328,,shared_semantic_dataset,,Ref-26-Research,Ref-26-Research
329,329,,shared_semantic_dataset,,Ref-26-Research,Ref-26-Research
330,330,,shared_semantic_dataset,,Ref-26-Research,Ref-26-Research
331,331,,shared_semantic_dataset,,Ref-26-Research,Ref-26-Research
332,332,,shared_semantic_dataset,,Ref-26-Research,Ref-26-Research
333,333,,shared_semantic_dataset,,Ref-26-Research,Ref-26-Research
334,334,,shared_semantic_dataset,,Ref-26-Research,Ref-26-Research
335,335,,shared_semantic_dataset,,Ref-26-Research,Ref-26-Research
336,336,,shared_semantic_dataset,,Ref-26-Research,Ref-26-Research
337,337,,shared_semantic_dataset,,Ref-26-Research,Ref-26-Research
338,338,,shared_semantic_dataset,,Ref-26-Research,Ref-26-Research
339,339,,shared_semantic_dataset,,Ref-26-Research,Ref-26-Research
340,340,,shared_semantic_dataset,,Ref-26-Research,Ref-26-Research
341,341,,shared_semantic_dataset,,Ref-26-Research,Ref-26-Research
342,342,,shared_semantic_dataset,,Ref-26-Research,Ref-26-Research
343,343,,shared_semantic_dataset,,Ref-26-Research,Ref-26-Research
344,344,,shared_semantic_dataset,,Ref-26-Research,Ref-26-Research
345,345,,shared_semantic_dataset,,Ref-26-Research,Ref-26-Research
346,346,,shared_semantic_dataset,,Ref-26-Research,Ref-26-Research
347,347,,shared_semantic_dataset,,Ref-26-Research,Ref-26-Research
348,348,,shared_semantic_dataset,,Ref-26-Research,Ref-26-Research
349,349,,shared_semantic_dataset,,Ref-26-Research,Ref-26-Research
350,350,,shared_semantic_dataset,,Ref-26-Research,Ref-26-Research
351,351,,shared_semantic_dataset,,Ref-26-Research,Ref-26-Research
352,352,,shared_semantic_dataset,,Ref-27-Research,Ref-27-Research
353,353,,shared_semantic_dataset,,Ref-27-Research,Ref-27-Research
354,354,,shared_semantic_dataset,,Ref-27-Research,Ref-27-Research
355,355,,shared_semantic_dataset,,Ref-27-Research,Ref-27-Research
356,356,,shared_semantic_dataset,,Ref-27-Research,Ref-27-Research
357,357,,shared_semantic_dataset,,Ref-27-Research,Ref-27-Research
362,362,,shared_semantic_dataset,,Ref-29-Research,Ref-29-Research
363,363,,shared_semantic_dataset,,Ref-29-Research,Ref-29-Research
364,364,,shared_semantic_dataset,,Ref-29-Research,Ref-29-Research
365,365,,shared_semantic_dataset,,Ref-29-Research,Ref-29-Research
366,366,,shared_semantic_dataset,,Ref-29-Research,Ref-29-Research
367,367,,shared_semantic_dataset,,Ref-29-Research,Ref-29-Research
368,368,,shared_semantic_dataset,,Ref-29-Research,Ref-29-Research
369,369,,shared_semantic_dataset,,Ref-29-Research,Ref-29-Research
370,370,,shared_semantic_dataset,,Ref-29-Research,Ref-29-Research
371,371,,shared_semantic_dataset,,Ref-30-Research,Ref-30-Research
372,372,,shared_semantic_dataset,,Ref-30-Research,Ref-30-Research
373,373,,shared_semantic_dataset,,Ref-30-Research,Ref-30-Research
374,374,,shared_semantic_dataset,,Ref-30-Research,Ref-30-Research
375,375,,shared_semantic_dataset,,Ref-30-Research,Ref-30-Research
376,376,,shared_semantic_dataset,,Ref-30-Research,Ref-30-Research
377,377,,shared_semantic_dataset,,Ref-30-Research,Ref-30-Research
378,378,,shared_semantic_dataset,,Ref-30-Research,Ref-30-Research
379,379,,shared_semantic_dataset,,Ref-30-Research,Ref-30-Research
380,380,,shared_semantic_dataset,,Ref-30-Research,Ref-30-Research
381,381,,shared_semantic_dataset,,Ref-30-Research,Ref-30-Research
382,382,,shared_semantic_dataset,,Ref-30-Research,Ref-30-Research
383,383,,shared_semantic_dataset,,Ref-30-Research,Ref-30-Research
384,384,,shared_semantic_dataset,,Ref-31-Research,Ref-31-Research
385,385,,shared_semantic_dataset,,Ref-31-Research,Ref-31-Research
386,386,,shared_semantic_dataset,,Ref-31-Research,Ref-31-Research
387,387,,shared_semantic_dataset,,Ref-31-Research,Ref-31-Research
388,388,,shared_semantic_dataset,,Ref-31-Research,Ref-31-Research
395,395,,shared_semantic_dataset,,Ref-34-Research,Ref-34-Research
396,396,,shared_semantic_dataset,,Ref-34-Research,Ref-34-Research
397,397,,shared_semantic_dataset,,Ref-34-Research,Ref-34-Research
398,398,,shared_semantic_dataset,,Ref-34-Research,Ref-34-Research
399,399,,shared_semantic_dataset,,Ref-34-Research,Ref-34-Research
400,400,,shared_semantic_dataset,,Ref-34-Research,Ref-34-Research
401,401,,shared_semantic_dataset,,Ref-34-Research,Ref-34-Research
402,402,,shared_semantic_dataset,,Ref-34-Research,Ref-34-Research
404,404,,shared_semantic_dataset,,Ref-36-Research,Ref-36-Research
405,405,,shared_semantic_dataset,,Ref-36-Research,Ref-36-Research
406,406,,shared_semantic_dataset,,Ref-36-Research,Ref-36-Research
407,407,,shared_semantic_dataset,,Ref-36-Research,Ref-36-Research
408,408,,shared_semantic_dataset,,Ref-36-Research,Ref-36-Research
409,409,,shared_semantic_dataset,,Ref-36-Research,Ref-36-Research
410,410,,shared_semantic_dataset,,Ref-36-Research,Ref-36-Research
411,411,,shared_semantic_dataset,,Ref-36-Research,Ref-36-Research
412,412,,shared_semantic_dataset,,Ref-36-Research,Ref-36-Research
413,413,,shared_semantic_dataset,,Ref-36-Research,Ref-36-Research
414,414,,shared_semantic_dataset,,Ref-36-Research,Ref-36-Research
415,415,,shared_semantic_dataset,,Ref-36-Research,Ref-36-Research
416,416,,shared_semantic_dataset,,Ref-36-Research,Ref-36-Research
417,417,,shared_semantic_dataset,,Ref-37-Research,Ref-37-Research
418,418,,shared_semantic_dataset,,Ref-37-Research,Ref-37-Research
419,419,,shared_semantic_dataset,,Ref-37-Research,Ref-37-Research
420,420,,shared_semantic_dataset,,Ref-37-Research,Ref-37-Research
421,421,,shared_semantic_dataset,,Ref-37-Research,Ref-37-Research
422,422,,shared_semantic_dataset,,Ref-37-Research,Ref-37-Research
423,423,,shared_semantic_dataset,,Ref-37-Research,Ref-37-Research
424,424,,shared_semantic_dataset,,Ref-38-Research,Ref-38-Research
425,425,,shared_semantic_dataset,,Ref-38-Research,Ref-38-Research
426,426,,shared_semantic_dataset,,Ref-38-Research,Ref-38-Research
427,427,,shared_semantic_dataset,,Ref-38-Research,Ref-38-Research
428,428,,shared_semantic_dataset,,Ref-38-Research,Ref-38-Research
429,429,,shared_semantic_dataset,,Ref-38-Research,Ref-38-Research
430,430,,shared_semantic_dataset,,Ref-38-Research,Ref-38-Research
431,431,,shared_semantic_dataset,,Ref-38-Research,Ref-38-Research
432,432,,shared_semantic_dataset,,Ref-38-Research,Ref-38-Research
433,433,,shared_semantic_dataset,,Ref-38-Research,Ref-38-Research
434,434,,shared_semantic_dataset,,Ref-39-Research,Ref-39-Research
435,435,,shared_semantic_dataset,,Ref-39-Research,Ref-39-Research
436,436,,shared_semantic_dataset,,Ref-39-Research,Ref-39-Research
437,437,,shared_semantic_dataset,,Ref-39-Research,Ref-39-Research
438,438,,shared_semantic_dataset,,Ref-39-Research,Ref-39-Research
439,439,,shared_semantic_dataset,,Ref-39-Research,Ref-39-Research
440,440,,shared_semantic_dataset,,Ref-39-Research,Ref-39-Research
441,441,,shared_semantic_dataset,,Ref-39-Research,Ref-39-Research
442,442,,shared_semantic_dataset,,Ref-39-Research,Ref-39-Research
443,443,,shared_semantic_dataset,,Ref-39-Research,Ref-39-Research
444,444,,shared_semantic_dataset,,Ref-40-Research,Ref-40-Research
445,445,,shared_semantic_dataset,,Ref-40-Research,Ref-40-Research
446,446,,shared_semantic_dataset,,Ref-41-Research,Ref-41-Research
447,447,,shared_semantic_dataset,,Ref-41-Research,Ref-41-Research
448,448,,shared_semantic_dataset,,Ref-41-Research,Ref-41-Research
449,449,,shared_semantic_dataset,,Ref-41-Research,Ref-41-Research
450,450,,shared_semantic_dataset,,Ref-42-Research,Ref-42-Research
451,451,,shared_semantic_dataset,,Ref-42-Research,Ref-42-Research
452,452,,shared_semantic_dataset,,Ref-42-Research,Ref-42-Research
453,453,,shared_semantic_dataset,,Ref-42-Research,Ref-42-Research
454,454,,shared_semantic_dataset,,Ref-42-Research,Ref-42-Research
455,455,,shared_semantic_dataset,,Ref-42-Research,Ref-42-Research
456,456,,shared_semantic_dataset,,Ref-42-Research,Ref-42-Research
457,457,,shared_semantic_dataset,,Ref-43-Research,Ref-43-Research
458,458,,shared_semantic_dataset,,Ref-43-Research,Ref-43-Research
459,459,,shared_semantic_dataset,,Ref-43-Research,Ref-43-Research
460,460,,shared_semantic_dataset,,Ref-43-Research,Ref-43-Research
461,461,,shared_semantic_dataset,,Ref-43-Research,Ref-43-Research
466,466,,shared_semantic_dataset,,Ref-45-Research,Ref-45-Research
467,467,,shared_semantic_dataset,,Ref-45-Research,Ref-45-Research
468,468,,shared_semantic_dataset,,Ref-45-Research,Ref-45-Research
469,469,,shared_semantic_dataset,,Ref-45-Research,Ref-45-Research
470,470,,shared_semantic_dataset,,Ref-45-Research,Ref-45-Research
471,471,,shared_semantic_dataset,,Ref-45-Research,Ref-45-Research
472,472,,shared_semantic_dataset,,Ref-45-Research,Ref-45-Research
473,473,,shared_semantic_dataset,,Ref-46-Research,Ref-46-Research
474,474,,shared_semantic_dataset,,Ref-46-Research,Ref-46-Research
475,475,,shared_semantic_dataset,,Ref-46-Research,Ref-46-Research
476,476,,shared_semantic_dataset,,Ref-46-Research,Ref-46-Research
477,477,,shared_semantic_dataset,,Ref-46-Research,Ref-46-Research
478,478,,shared_semantic_dataset,,Ref-46-Research,Ref-46-Research
479,479,,shared_semantic_dataset,,Ref-46-Research,Ref-46-Research
480,480,,shared_semantic_dataset,,Ref-47-Research,Ref-47-Research
481,481,,shared_semantic_dataset,,Ref-47-Research,Ref-47-Research
482,482,,shared_semantic_dataset,,Ref-47-Research,Ref-47-Research
483,483,,shared_semantic_dataset,,Ref-47-Research,Ref-47-Research
484,484,,shared_semantic_dataset,,Ref-47-Research,Ref-47-Research
485,485,,shared_semantic_dataset,,Ref-47-Research,Ref-47-Research
486,486,,shared_semantic_dataset,,Ref-47-Research,Ref-47-Research
487,487,,shared_semantic_dataset,,Ref-47-Research,Ref-47-Research
488,488,,shared_semantic_dataset,,Ref-47-Research,Ref-47-Research
489,489,,shared_semantic_dataset,,Ref-47-Research,Ref-47-Research
562,562,,shared_semantic_dataset,,Ref-49-Research,Ref-49-Research
563,563,,shared_semantic_dataset,,Ref-49-Research,Ref-49-Research
564,564,,shared_semantic_dataset,,Ref-49-Research,Ref-49-Research
565,565,,shared_semantic_dataset,,Ref-49-Research,Ref-49-Research
566,566,,shared_semantic_dataset,,Ref-49-Research,Ref-49-Research
567,567,,shared_semantic_dataset,,Ref-49-Research,Ref-49-Research
568,568,,shared_semantic_dataset,,Ref-50-Research,Ref-50-Research
569,569,,shared_semantic_dataset,,Ref-50-Research,Ref-50-Research
570,570,,shared_semantic_dataset,,Ref-50-Research,Ref-50-Research
571,571,,shared_semantic_dataset,,Ref-50-Research,Ref-50-Research
572,572,,shared_semantic_dataset,,Ref-50-Research,Ref-50-Research
573,573,,shared_semantic_dataset,,Ref-50-Research,Ref-50-Research
574,574,,shared_semantic_dataset,,Ref-50-Research,Ref-50-Research
575,575,,shared_semantic_dataset,,Ref-50-Research,Ref-50-Research
576,576,,shared_semantic_dataset,,Ref-50-Research,Ref-50-Research
577,577,,shared_semantic_dataset,,Ref-50-Research,Ref-50-Research
578,578,,shared_semantic_dataset,,Ref-50-Research,Ref-50-Research
579,579,,shared_semantic_dataset,,Ref-50-Research,Ref-50-Research
580,580,,shared_semantic_dataset,,Ref-50-Research,Ref-50-Research
581,581,,shared_semantic_dataset,,Ref-50-Research,Ref-50-Research
582,582,,shared_semantic_dataset,,Ref-50-Research,Ref-50-Research
583,583,,shared_semantic_dataset,,Ref-50-Research,Ref-50-Research
584,584,,shared_semantic_dataset,,Ref-50-Research,Ref-50-Research
585,585,,shared_semantic_dataset,,Ref-50-Research,Ref-50-Research
586,586,,shared_semantic_dataset,,Ref-50-Research,Ref-50-Research
587,587,,shared_semantic_dataset,,Ref-50-Research,Ref-50-Research
588,588,,shared_semantic_dataset,,Ref-50-Research,Ref-50-Research
589,589,,shared_semantic_dataset,,Ref-51-Research,Ref-51-Research
590,590,,shared_semantic_dataset,,Ref-51-Research,Ref-51-Research
591,591,,shared_semantic_dataset,,Ref-51-Research,Ref-51-Research
592,592,,shared_semantic_dataset,,Ref-51-Research,Ref-51-Research
593,593,,shared_semantic_dataset,,Ref-51-Research,Ref-51-Research
594,594,,shared_semantic_dataset,,Ref-51-Research,Ref-51-Research
601,601,,shared_semantic_dataset,,Ref-53-Research,Ref-53-Research
602,602,,shared_semantic_dataset,,Ref-53-Research,Ref-53-Research
603,603,,shared_semantic_dataset,,Ref-53-Research,Ref-53-Research
604,604,,shared_semantic_dataset,,Ref-53-Research,Ref-53-Research
605,605,,shared_semantic_dataset,,Ref-53-Research,Ref-53-Research
606,606,,shared_semantic_dataset,,Ref-53-Research,Ref-53-Research
607,607,,shared_semantic_dataset,,Ref-53-Research,Ref-53-Research
608,608,,shared_semantic_dataset,,Ref-53-Research,Ref-53-Research
609,609,,shared_semantic_dataset,,Ref-54-Research,Ref-54-Research
610,610,,shared_semantic_dataset,,Ref-54-Research,Ref-54-Research
611,611,,shared_semantic_dataset,,Ref-54-Research,Ref-54-Research
612,612,,shared_semantic_dataset,,Ref-54-Research,Ref-54-Research
613,613,,shared_semantic_dataset,,Ref-54-Research,Ref-54-Research
614,614,,shared_semantic_dataset,,Ref-54-Research,Ref-54-Research
615,615,,shared_semantic_dataset,,Ref-54-Research,Ref-54-Research
616,616,,shared_semantic_dataset,,Ref-54-Research,Ref-54-Research
617,617,,shared_semantic_dataset,,Ref-54-Research,Ref-54-Research
618,618,,shared_semantic_dataset,,Ref-54-Research,Ref-54-Research
619,619,,shared_semantic_dataset,,Ref-54-Research,Ref-54-Research
620,620,,shared_semantic_dataset,,Ref-54-Research,Ref-54-Research
621,621,,shared_semantic_dataset,,Ref-54-Research,Ref-54-Research
622,622,,shared_semantic_dataset,,Ref-54-Research,Ref-54-Research
623,623,,shared_semantic_dataset,,Ref-54-Research,Ref-54-Research
624,624,,shared_semantic_dataset,,Ref-54-Research,Ref-54-Research
625,625,,shared_semantic_dataset,,Ref-54-Research,Ref-54-Research
626,626,,shared_semantic_dataset,,Ref-54-Research,Ref-54-Research
627,627,,shared_semantic_dataset,,Ref-54-Research,Ref-54-Research
628,628,,shared_semantic_dataset,,Ref-54-Research,Ref-54-Research
629,629,,shared_semantic_dataset,,Ref-54-Research,Ref-54-Research
630,630,,shared_semantic_dataset,,Ref-54-Research,Ref-54-Research
631,631,,shared_semantic_dataset,,Ref-54-Research,Ref-54-Research
632,632,,shared_semantic_dataset,,Ref-54-Research,Ref-54-Research
638,638,,shared_semantic_dataset,,Ref-56-Research,Ref-56-Research
639,639,,shared_semantic_dataset,,Ref-56-Research,Ref-56-Research
640,640,,shared_semantic_dataset,,Ref-56-Research,Ref-56-Research
641,641,,shared_semantic_dataset,,Ref-56-Research,Ref-56-Research
642,642,,shared_semantic_dataset,,Ref-56-Research,Ref-56-Research
649,649,,shared_semantic_dataset,,Ref-58-Research,Ref-58-Research
650,650,,shared_semantic_dataset,,Ref-58-Research,Ref-58-Research
651,651,,shared_semantic_dataset,,Ref-58-Research,Ref-58-Research
652,652,,shared_semantic_dataset,,Ref-58-Research,Ref-58-Research
653,653,,shared_semantic_dataset,,Ref-58-Research,Ref-58-Research
654,654,,shared_semantic_dataset,,Ref-58-Research,Ref-58-Research
655,655,,shared_semantic_dataset,,Ref-58-Research,Ref-58-Research
656,656,,shared_semantic_dataset,,Ref-58-Research,Ref-58-Research
657,657,,shared_semantic_dataset,,Ref-58-Research,Ref-58-Research
658,658,,shared_semantic_dataset,,Ref-58-Research,Ref-58-Research
659,659,,shared_semantic_dataset,,Ref-58-Research,Ref-58-Research
660,660,,shared_semantic_dataset,,Ref-58-Research,Ref-58-Research
661,661,,shared_semantic_dataset,,Ref-58-Research,Ref-58-Research
662,662,,shared_semantic_dataset,,Ref-58-Research,Ref-58-Research
663,663,,shared_semantic_dataset,,Ref-58-Research,Ref-58-Research
664,664,,shared_semantic_dataset,,Ref-58-Research,Ref-58-Research
665,665,,shared_semantic_dataset,,Ref-58-Research,Ref-58-Research
666,666,,shared_semantic_dataset,,Ref-58-Research,Ref-58-Research
667,667,,shared_semantic_dataset,,Ref-59-Research,Ref-59-Research
668,668,,shared_semantic_dataset,,Ref-59-Research,Ref-59-Research
669,669,,shared_semantic_dataset,,Ref-59-Research,Ref-59-Research
670,670,,shared_semantic_dataset,,Ref-59-Research,Ref-59-Research
671,671,,shared_semantic_dataset,,Ref-59-Research,Ref-59-Research
672,672,,shared_semantic_dataset,,Ref-59-Research,Ref-59-Research
673,673,,shared_semantic_dataset,,Ref-59-Research,Ref-59-Research
674,674,,shared_semantic_dataset,,Ref-59-Research,Ref-59-Research
675,675,,shared_semantic_dataset,,Ref-59-Research,Ref-59-Research
676,676,,shared_semantic_dataset,,Ref-59-Research,Ref-59-Research
677,677,,shared_semantic_dataset,,Ref-59-Research,Ref-59-Research
678,678,,shared_semantic_dataset,,Ref-59-Research,Ref-59-Research
679,679,,shared_semantic_dataset,,Ref-60-Research,Ref-60-Research
680,680,,shared_semantic_dataset,,Ref-60-Research,Ref-60-Research
681,681,,shared_semantic_dataset,,Ref-60-Research,Ref-60-Research
682,682,,shared_semantic_dataset,,Ref-60-Research,Ref-60-Research
683,683,,shared_semantic_dataset,,Ref-60-Research,Ref-60-Research
684,684,,shared_semantic_dataset,,Ref-60-Research,Ref-60-Research
685,685,,shared_semantic_dataset,,Ref-60-Research,Ref-60-Research
686,686,,shared_semantic_dataset,,Ref-60-Research,Ref-60-Research
687,687,,shared_semantic_dataset,,Ref-60-Research,Ref-60-Research
688,688,,shared_semantic_dataset,,Ref-60-Research,Ref-60-Research
689,689,,shared_semantic_dataset,,Ref-61-Research,Ref-61-Research
690,690,,shared_semantic_dataset,,Ref-61-Research,Ref-61-Research
691,691,,shared_semantic_dataset,,Ref-61-Research,Ref-61-Research
692,692,,shared_semantic_dataset,,Ref-61-Research,Ref-61-Research
693,693,,shared_semantic_dataset,,Ref-61-Research,Ref-61-Research
694,694,,shared_semantic_dataset,,Ref-61-Research,Ref-61-Research
695,695,,shared_semantic_dataset,,Ref-61-Research,Ref-61-Research
696,696,,shared_semantic_dataset,,Ref-61-Research,Ref-61-Research
697,697,,shared_semantic_dataset,,Ref-61-Research,Ref-61-Research
698,698,,shared_semantic_dataset,,Ref-61-Research,Ref-61-Research
699,699,,shared_semantic_dataset,,Ref-61-Research,Ref-61-Research
700,700,,shared_semantic_dataset,,Ref-61-Research,Ref-61-Research
701,701,,shared_semantic_dataset,,Ref-61-Research,Ref-61-Research
702,702,,shared_semantic_dataset,,Ref-61-Research,Ref-61-Research
703,703,,shared_semantic_dataset,,Ref-61-Research,Ref-61-Research
704,704,,shared_semantic_dataset,,Ref-61-Research,Ref-61-Research
705,705,,shared_semantic_dataset,,Ref-61-Research,Ref-61-Research
706,706,,shared_semantic_dataset,,Ref-61-Research,Ref-61-Research
707,707,,shared_semantic_dataset,,Ref-61-Research,Ref-61-Research
708,708,,shared_semantic_dataset,,Ref-61-Research,Ref-61-Research
709,709,,shared_semantic_dataset,,Ref-61-Research,Ref-61-Research
710,710,,shared_semantic_dataset,,Ref-61-Research,Ref-61-Research
711,711,,shared_semantic_dataset,,Ref-61-Research,Ref-61-Research
712,712,,shared_semantic_dataset,,Ref-61-Research,Ref-61-Research
713,713,,shared_semantic_dataset,,Ref-61-Research,Ref-61-Research
714,714,,shared_semantic_dataset,,Ref-61-Research,Ref-61-Research
715,715,,shared_semantic_dataset,,Ref-62-Research,Ref-62-Research
716,716,,shared_semantic_dataset,,Ref-62-Research,Ref-62-Research
717,717,,shared_semantic_dataset,,Ref-62-Research,Ref-62-Research
718,718,,shared_semantic_dataset,,Ref-62-Research,Ref-62-Research
719,719,,shared_semantic_dataset,,Ref-62-Research,Ref-62-Research
720,720,,shared_semantic_dataset,,Ref-62-Research,Ref-62-Research
721,721,,shared_semantic_dataset,,Ref-62-Research,Ref-62-Research
722,722,,shared_semantic_dataset,,Ref-62-Research,Ref-62-Research
723,723,,shared_semantic_dataset,,Ref-62-Research,Ref-62-Research
724,724,,shared_semantic_dataset,,Ref-62-Research,Ref-62-Research
725,725,,shared_semantic_dataset,,Ref-62-Research,Ref-62-Research
726,726,,shared_semantic_dataset,,Ref-62-Research,Ref-62-Research
727,727,,shared_semantic_dataset,,Ref-62-Research,Ref-62-Research
728,728,,shared_semantic_dataset,,Ref-62-Research,Ref-62-Research
729,729,,shared_semantic_dataset,,Ref-62-Research,Ref-62-Research
730,730,,shared_semantic_dataset,,Ref-62-Research,Ref-62-Research
731,731,,shared_semantic_dataset,,Ref-62-Research,Ref-62-Research
732,732,,shared_semantic_dataset,,Ref-62-Research,Ref-62-Research
733,733,,shared_semantic_dataset,,Ref-62-Research,Ref-62-Research
734,734,,shared_semantic_dataset,,Ref-62-Research,Ref-62-Research
735,735,,shared_semantic_dataset,,Ref-62-Research,Ref-62-Research
736,736,,shared_semantic_dataset,,Ref-62-Research,Ref-62-Research
737,737,,shared_semantic_dataset,,Ref-62-Research,Ref-62-Research
738,738,,shared_semantic_dataset,,Ref-62-Research,Ref-62-Research
739,739,,shared_semantic_dataset,,Ref-63-Research,Ref-63-Research
740,740,,shared_semantic_dataset,,Ref-63-Research,Ref-63-Research
741,741,,shared_semantic_dataset,,Ref-63-Research,Ref-63-Research
742,742,,shared_semantic_dataset,,Ref-63-Research,Ref-63-Research
743,743,,shared_semantic_dataset,,Ref-63-Research,Ref-63-Research
744,744,,shared_semantic_dataset,,Ref-63-Research,Ref-63-Research
745,745,,shared_semantic_dataset,,Ref-63-Research,Ref-63-Research
746,746,,shared_semantic_dataset,,Ref-63-Research,Ref-63-Research
747,747,,shared_semantic_dataset,,Ref-63-Research,Ref-63-Research
748,748,,shared_semantic_dataset,,Ref-63-Research,Ref-63-Research
749,749,,shared_semantic_dataset,,Ref-63-Research,Ref-63-Research
750,750,,shared_semantic_dataset,,Ref-63-Research,Ref-63-Research
751,751,,shared_semantic_dataset,,Ref-63-Research,Ref-63-Research
752,752,,shared_semantic_dataset,,Ref-63-Research,Ref-63-Research
753,753,,shared_semantic_dataset,,Ref-63-Research,Ref-63-Research
754,754,,shared_semantic_dataset,,Ref-63-Research,Ref-63-Research
755,755,,shared_semantic_dataset,,Ref-63-Research,Ref-63-Research
756,756,,shared_semantic_dataset,,Ref-63-Research,Ref-63-Research
757,757,,shared_semantic_dataset,,Ref-63-Research,Ref-63-Research
796,796,,shared_semantic_dataset,,Ref-66-Research,Ref-66-Research
797,797,,shared_semantic_dataset,,Ref-66-Research,Ref-66-Research
798,798,,shared_semantic_dataset,,Ref-66-Research,Ref-66-Research
799,799,,shared_semantic_dataset,,Ref-66-Research,Ref-66-Research
800,800,,shared_semantic_dataset,,Ref-66-Research,Ref-66-Research
801,801,,shared_semantic_dataset,,Ref-66-Research,Ref-66-Research
802,802,,shared_semantic_dataset,,Ref-66-Research,Ref-66-Research
803,803,,shared_semantic_dataset,,Ref-66-Research,Ref-66-Research
804,804,,shared_semantic_dataset,,Ref-66-Research,Ref-66-Research
805,805,,shared_semantic_dataset,,Ref-66-Research,Ref-66-Research
806,806,,shared_semantic_dataset,,Ref-66-Research,Ref-66-Research
807,807,,shared_semantic_dataset,,Ref-66-Research,Ref-66-Research
808,808,,shared_semantic_dataset,,Ref-66-Research,Ref-66-Research
809,809,,shared_semantic_dataset,,Ref-66-Research,Ref-66-Research
810,810,,shared_semantic_dataset,,Ref-66-Research,Ref-66-Research
811,811,,shared_semantic_dataset,,Ref-66-Research,Ref-66-Research
812,812,,shared_semantic_dataset,,Ref-66-Research,Ref-66-Research
813,813,,shared_semantic_dataset,,Ref-66-Research,Ref-66-Research
814,814,,shared_semantic_dataset,,Ref-66-Research,Ref-66-Research
815,815,,shared_semantic_dataset,,Ref-66-Research,Ref-66-Research
816,816,,shared_semantic_dataset,,Ref-66-Research,Ref-66-Research
817,817,,shared_semantic_dataset,,Ref-66-Research,Ref-66-Research
818,818,,shared_semantic_dataset,,Ref-66-Research,Ref-66-Research
819,819,,shared_semantic_dataset,,Ref-66-Research,Ref-66-Research
820,820,,shared_semantic_dataset,,Ref-67-Research,Ref-67-Research
821,821,,shared_semantic_dataset,,Ref-67-Research,Ref-67-Research
822,822,,shared_semantic_dataset,,Ref-67-Research,Ref-67-Research
823,823,,shared_semantic_dataset,,Ref-67-Research,Ref-67-Research
824,824,,shared_semantic_dataset,,Ref-67-Research,Ref-67-Research
825,825,,shared_semantic_dataset,,Ref-67-Research,Ref-67-Research
826,826,,shared_semantic_dataset,,Ref-67-Research,Ref-67-Research
827,827,,shared_semantic_dataset,,Ref-67-Research,Ref-67-Research
828,828,,shared_semantic_dataset,,Ref-67-Research,Ref-67-Research
831,831,,shared_semantic_dataset,,Ref-69-Research,Ref-69-Research
832,832,,shared_semantic_dataset,,Ref-69-Research,Ref-69-Research
833,833,,shared_semantic_dataset,,Ref-69-Research,Ref-69-Research
834,834,,shared_semantic_dataset,,Ref-69-Research,Ref-69-Research
835,835,,shared_semantic_dataset,,Ref-69-Research,Ref-69-Research
836,836,,shared_semantic_dataset,,Ref-69-Research,Ref-69-Research
837,837,,shared_semantic_dataset,,Ref-69-Research,Ref-69-Research
838,838,,shared_semantic_dataset,,Ref-69-Research,Ref-69-Research
839,839,,shared_semantic_dataset,,Ref-69-Research,Ref-69-Research
840,840,,shared_semantic_dataset,,Ref-69-Research,Ref-69-Research
841,841,,shared_semantic_dataset,,Ref-69-Research,Ref-69-Research
842,842,,shared_semantic_dataset,,Ref-69-Research,Ref-69-Research
843,843,,shared_semantic_dataset,,Ref-70-Research,Ref-70-Research
844,844,,shared_semantic_dataset,,Ref-70-Research,Ref-70-Research
845,845,,shared_semantic_dataset,,Ref-70-Research,Ref-70-Research
846,846,,shared_semantic_dataset,,Ref-70-Research,Ref-70-Research
847,847,,shared_semantic_dataset,,Ref-70-Research,Ref-70-Research
848,848,,shared_semantic_dataset,,Ref-70-Research,Ref-70-Research
849,849,,shared_semantic_dataset,,Ref-70-Research,Ref-70-Research
850,850,,shared_semantic_dataset,,Ref-70-Research,Ref-70-Research
851,851,,shared_semantic_dataset,,Ref-70-Research,Ref-70-Research
852,852,,shared_semantic_dataset,,Ref-70-Research,Ref-70-Research
853,853,,shared_semantic_dataset,,Ref-70-Research,Ref-70-Research
854,854,,shared_semantic_dataset,,Ref-70-Research,Ref-70-Research
855,855,,shared_semantic_dataset,,Ref-70-Research,Ref-70-Research
856,856,,shared_semantic_dataset,,Ref-70-Research,Ref-70-Research
857,857,,shared_semantic_dataset,,Ref-70-Research,Ref-70-Research
858,858,,shared_semantic_dataset,,Ref-70-Research,Ref-70-Research
859,859,,shared_semantic_dataset,,Ref-70-Research,Ref-70-Research
860,860,,shared_semantic_dataset,,Ref-70-Research,Ref-70-Research
861,861,,shared_semantic_dataset,,Ref-70-Research,Ref-70-Research
862,862,,shared_semantic_dataset,,Ref-70-Research,Ref-70-Research
863,863,,shared_semantic_dataset,,Ref-70-Research,Ref-70-Research
864,864,,shared_semantic_dataset,,Ref-70-Research,Ref-70-Research
865,865,,shared_semantic_dataset,,Ref-70-Research,Ref-70-Research
866,866,,shared_semantic_dataset,,Ref-70-Research,Ref-70-Research
867,867,,shared_semantic_dataset,,Ref-70-Research,Ref-70-Research
868,868,,shared_semantic_dataset,,Ref-70-Research,Ref-70-Research
869,869,,shared_semantic_dataset,,Ref-70-Research,Ref-70-Research
870,870,,shared_semantic_dataset,,Ref-70-Research,Ref-70-Research
871,871,,shared_semantic_dataset,,Ref-70-Research,Ref-70-Research
872,872,,shared_semantic_dataset,,Ref-70-Research,Ref-70-Research
873,873,,shared_semantic_dataset,,Ref-71-Research,Ref-71-Research
874,874,,shared_semantic_dataset,,Ref-71-Research,Ref-71-Research
875,875,,shared_semantic_dataset,,Ref-71-Research,Ref-71-Research
876,876,,shared_semantic_dataset,,Ref-72-Research,Ref-72-Research
877,877,,shared_semantic_dataset,,Ref-72-Research,Ref-72-Research
878,878,,shared_semantic_dataset,,Ref-72-Research,Ref-72-Research
879,879,,shared_semantic_dataset,,Ref-72-Research,Ref-72-Research
880,880,,shared_semantic_dataset,,Ref-72-Research,Ref-72-Research
881,881,,shared_semantic_dataset,,Ref-73-Research,Ref-73-Research
882,882,,shared_semantic_dataset,,Ref-73-Research,Ref-73-Research
883,883,,shared_semantic_dataset,,Ref-73-Research,Ref-73-Research
884,884,,shared_semantic_dataset,,Ref-73-Research,Ref-73-Research
885,885,,shared_semantic_dataset,,Ref-73-Research,Ref-73-Research
886,886,,shared_semantic_dataset,,Ref-73-Research,Ref-73-Research
887,887,,shared_semantic_dataset,,Ref-73-Research,Ref-73-Research
888,888,,shared_semantic_dataset,,Ref-73-Research,Ref-73-Research
889,889,,shared_semantic_dataset,,Ref-73-Research,Ref-73-Research
890,890,,shared_semantic_dataset,,Ref-73-Research,Ref-73-Research
891,891,,shared_semantic_dataset,,Ref-73-Research,Ref-73-Research
892,892,,shared_semantic_dataset,,Ref-73-Research,Ref-73-Research
893,893,,shared_semantic_dataset,,Ref-73-Research,Ref-73-Research
894,894,,shared_semantic_dataset,,Ref-73-Research,Ref-73-Research
895,895,,shared_semantic_dataset,,Ref-73-Research,Ref-73-Research
896,896,,shared_semantic_dataset,,Ref-73-Research,Ref-73-Research
897,897,,shared_semantic_dataset,,Ref-73-Research,Ref-73-Research
898,898,,shared_semantic_dataset,,Ref-73-Research,Ref-73-Research
899,899,,shared_semantic_dataset,,Ref-74-Research,Ref-74-Research
900,900,,shared_semantic_dataset,,Ref-74-Research,Ref-74-Research
901,901,,shared_semantic_dataset,,Ref-74-Research,Ref-74-Research
902,902,,shared_semantic_dataset,,Ref-74-Research,Ref-74-Research
903,903,,shared_semantic_dataset,,Ref-74-Research,Ref-74-Research
904,904,,shared_semantic_dataset,,Ref-74-Research,Ref-74-Research
905,905,,shared_semantic_dataset,,Ref-74-Research,Ref-74-Research
906,906,,shared_semantic_dataset,,Ref-74-Research,Ref-74-Research
907,907,,shared_semantic_dataset,,Ref-74-Research,Ref-74-Research
908,908,,shared_semantic_dataset,,Ref-74-Research,Ref-74-Research
909,909,,shared_semantic_dataset,,Ref-74-Research,Ref-74-Research
915,915,,shared_semantic_dataset,,Ref-76-Research,Ref-76-Research
916,916,,shared_semantic_dataset,,Ref-76-Research,Ref-76-Research
917,917,,shared_semantic_dataset,,Ref-76-Research,Ref-76-Research
918,918,,shared_semantic_dataset,,Ref-76-Research,Ref-76-Research
919,919,,shared_semantic_dataset,,Ref-76-Research,Ref-76-Research
920,920,,shared_semantic_dataset,,Ref-76-Research,Ref-76-Research
921,921,,shared_semantic_dataset,,Ref-76-Research,Ref-76-Research
922,922,,shared_semantic_dataset,,Ref-76-Research,Ref-76-Research
923,923,,shared_semantic_dataset,,Ref-76-Research,Ref-76-Research
924,924,,shared_semantic_dataset,,Ref-76-Research,Ref-76-Research
925,925,,shared_semantic_dataset,,Ref-76-Research,Ref-76-Research
926,926,,shared_semantic_dataset,,Ref-76-Research,Ref-76-Research
927,927,,shared_semantic_dataset,,Ref-76-Research,Ref-76-Research
928,928,,shared_semantic_dataset,,Ref-76-Research,Ref-76-Research
929,929,,shared_semantic_dataset,,Ref-76-Research,Ref-76-Research
930,930,,shared_semantic_dataset,,Ref-76-Research,Ref-76-Research
931,931,,shared_semantic_dataset,,Ref-76-Research,Ref-76-Research
932,932,,shared_semantic_dataset,,Ref-76-Research,Ref-76-Research
933,933,,shared_semantic_dataset,,Ref-77-Research,Ref-77-Research
934,934,,shared_semantic_dataset,,Ref-77-Research,Ref-77-Research
935,935,,shared_semantic_dataset,,Ref-77-Research,Ref-77-Research
936,936,,shared_semantic_dataset,,Ref-77-Research,Ref-77-Research
937,937,,shared_semantic_dataset,,Ref-77-Research,Ref-77-Research
938,938,,shared_semantic_dataset,,Ref-77-Research,Ref-77-Research
939,939,,shared_semantic_dataset,,Ref-77-Research,Ref-77-Research
940,940,,shared_semantic_dataset,,Ref-77-Research,Ref-77-Research
941,941,,shared_semantic_dataset,,Ref-77-Research,Ref-77-Research
942,942,,shared_semantic_dataset,,Ref-77-Research,Ref-77-Research
943,943,,shared_semantic_dataset,,Ref-77-Research,Ref-77-Research
944,944,,shared_semantic_dataset,,Ref-77-Research,Ref-77-Research
945,945,,shared_semantic_dataset,,Ref-77-Research,Ref-77-Research
946,946,,shared_semantic_dataset,,Ref-77-Research,Ref-77-Research
947,947,,shared_semantic_dataset,,Ref-77-Research,Ref-77-Research
948,948,,shared_semantic_dataset,,Ref-77-Research,Ref-77-Research
949,949,,shared_semantic_dataset,,Ref-77-Research,Ref-77-Research
950,950,,shared_semantic_dataset,,Ref-77-Research,Ref-77-Research
951,951,,shared_semantic_dataset,,Ref-77-Research,Ref-77-Research
952,952,,shared_semantic_dataset,,Ref-77-Research,Ref-77-Research
953,953,,shared_semantic_dataset,,Ref-77-Research,Ref-77-Research
954,954,,shared_semantic_dataset,,Ref-77-Research,Ref-77-Research
955,955,,shared_semantic_dataset,,Ref-77-Research,Ref-77-Research
956,956,,shared_semantic_dataset,,Ref-77-Research,Ref-77-Research
957,957,,shared_semantic_dataset,,Ref-77-Research,Ref-77-Research
958,958,,shared_semantic_dataset,,Ref-77-Research,Ref-77-Research
959,959,,shared_semantic_dataset,,Ref-78-Research,Ref-78-Research
960,960,,shared_semantic_dataset,,Ref-78-Research,Ref-78-Research
961,961,,shared_semantic_dataset,,Ref-78-Research,Ref-78-Research
962,962,,shared_semantic_dataset,,Ref-78-Research,Ref-78-Research
963,963,,shared_semantic_dataset,,Ref-78-Research,Ref-78-Research
964,964,,shared_semantic_dataset,,Ref-80-Research,Ref-80-Research
965,965,,shared_semantic_dataset,,Ref-80-Research,Ref-80-Research
970,970,,shared_semantic_dataset,,Ref-82-Research,Ref-82-Research
971,971,,shared_semantic_dataset,,Ref-82-Research,Ref-82-Research
972,972,,shared_semantic_dataset,,Ref-82-Research,Ref-82-Research
973,973,,shared_semantic_dataset,,Ref-82-Research,Ref-82-Research
974,974,,shared_semantic_dataset,,Ref-82-Research,Ref-82-Research
975,975,,shared_semantic_dataset,,Ref-82-Research,Ref-82-Research
976,976,,shared_semantic_dataset,,Ref-82-Research,Ref-82-Research
977,977,,shared_semantic_dataset,,Ref-82-Research,Ref-82-Research
978,978,,shared_semantic_dataset,,Ref-82-Research,Ref-82-Research
979,979,,shared_semantic_dataset,,Ref-82-Research,Ref-82-Research
982,982,,shared_semantic_dataset,,Ref-84-Research,Ref-84-Research
983,983,,shared_semantic_dataset,,Ref-84-Research,Ref-84-Research
984,984,,shared_semantic_dataset,,Ref-84-Research,Ref-84-Research
985,985,,shared_semantic_dataset,,Ref-84-Research,Ref-84-Research
986,986,,shared_semantic_dataset,,Ref-84-Research,Ref-84-Research
987,987,,shared_semantic_dataset,,Ref-84-Research,Ref-84-Research
988,988,,shared_semantic_dataset,,Ref-85-Research,Ref-85-Research
989,989,,shared_semantic_dataset,,Ref-85-Research,Ref-85-Research
990,990,,shared_semantic_dataset,,Ref-85-Research,Ref-85-Research
991,991,,shared_semantic_dataset,,Ref-85-Research,Ref-85-Research
992,992,,shared_semantic_dataset,,Ref-85-Research,Ref-85-Research
993,993,,shared_semantic_dataset,,Ref-85-Research,Ref-85-Research
994,994,,shared_semantic_dataset,,Ref-85-Research,Ref-85-Research
995,995,,shared_semantic_dataset,,Ref-85-Research,Ref-85-Research
996,996,,shared_semantic_dataset,,Ref-85-Research,Ref-85-Research
997,997,,shared_semantic_dataset,,Ref-85-Research,Ref-85-Research
998,998,,shared_semantic_dataset,,Ref-85-Research,Ref-85-Research
999,999,,shared_semantic_dataset,,Ref-85-Research,Ref-85-Research
1000,1000,,shared_semantic_dataset,,Ref-85-Research,Ref-85-Research
1001,1001,,shared_semantic_dataset,,Ref-85-Research,Ref-85-Research
1002,1002,,shared_semantic_dataset,,Ref-85-Research,Ref-85-Research
1003,1003,,shared_semantic_dataset,,Ref-85-Research,Ref-85-Research
1004,1004,,shared_semantic_dataset,,Ref-85-Research,Ref-85-Research
1005,1005,,shared_semantic_dataset,,Ref-85-Research,Ref-85-Research
1006,1006,,shared_semantic_dataset,,Ref-85-Research,Ref-85-Research
1007,1007,,shared_semantic_dataset,,Ref-85-Research,Ref-85-Research
1008,1008,,shared_semantic_dataset,,Ref-85-Research,Ref-85-Research
1009,1009,,shared_semantic_dataset,,Ref-85-Research,Ref-85-Research
1010,1010,,shared_semantic_dataset,,Ref-85-Research,Ref-85-Research
1011,1011,,shared_semantic_dataset,,Ref-85-Research,Ref-85-Research
1012,1012,,shared_semantic_dataset,,Ref-85-Research,Ref-85-Research
1013,1013,,shared_semantic_dataset,,Ref-85-Research,Ref-85-Research
1014,1014,,shared_semantic_dataset,,Ref-85-Research,Ref-85-Research
1015,1015,,shared_semantic_dataset,,Ref-85-Research,Ref-85-Research
1016,1016,,shared_semantic_dataset,,Ref-85-Research,Ref-85-Research
1017,1017,,shared_semantic_dataset,,Ref-85-Research,Ref-85-Research
1018,1018,,shared_semantic_dataset,,Ref-85-Research,Ref-85-Research
1019,1019,,shared_semantic_dataset,,Ref-85-Research,Ref-85-Research
1020,1020,,shared_semantic_dataset,,Ref-85-Research,Ref-85-Research
1021,1021,,shared_semantic_dataset,,Ref-85-Research,Ref-85-Research
1022,1022,,shared_semantic_dataset,,Ref-85-Research,Ref-85-Research
1023,1023,,shared_semantic_dataset,,Ref-85-Research,Ref-85-Research
1024,1024,,shared_semantic_dataset,,Ref-85-Research,Ref-85-Research
1025,1025,,shared_semantic_dataset,,Ref-85-Research,Ref-85-Research
1026,1026,,shared_semantic_dataset,,Ref-85-Research,Ref-85-Research
1027,1027,,shared_semantic_dataset,,Ref-85-Research,Ref-85-Research
1028,1028,,shared_semantic_dataset,,Ref-85-Research,Ref-85-Research
1029,1029,,shared_semantic_dataset,,Ref-85-Research,Ref-85-Research
1030,1030,,shared_semantic_dataset,,Ref-85-Research,Ref-85-Research
1031,1031,,shared_semantic_dataset,,Ref-85-Research,Ref-85-Research
1032,1032,,shared_semantic_dataset,,Ref-85-Research,Ref-85-Research
1033,1033,,shared_semantic_dataset,,Ref-85-Research,Ref-85-Research
1034,1034,,shared_semantic_dataset,,Ref-85-Research,Ref-85-Research
1035,1035,,shared_semantic_dataset,,Ref-85-Research,Ref-85-Research
1036,1036,,shared_semantic_dataset,,Ref-85-Research,Ref-85-Research
1037,1037,,shared_semantic_dataset,,Ref-85-Research,Ref-85-Research
1038,1038,,shared_semantic_dataset,,Ref-85-Research,Ref-85-Research
1039,1039,,shared_semantic_dataset,,Ref-85-Research,Ref-85-Research
1040,1040,,shared_semantic_dataset,,Ref-85-Research,Ref-85-Research
1041,1041,,shared_semantic_dataset,,Ref-85-Research,Ref-85-Research
1042,1042,,shared_semantic_dataset,,Ref-85-Research,Ref-85-Research
1043,1043,,shared_semantic_dataset,,Ref-85-Research,Ref-85-Research
1044,1044,,shared_semantic_dataset,,Ref-85-Research,Ref-85-Research
1045,1045,,shared_semantic_dataset,,Ref-85-Research,Ref-85-Research
1046,1046,,shared_semantic_dataset,,Ref-85-Research,Ref-85-Research
1047,1047,,shared_semantic_dataset,,Ref-85-Research,Ref-85-Research
1048,1048,,shared_semantic_dataset,,Ref-85-Research,Ref-85-Research
1049,1049,,shared_semantic_dataset,,Ref-85-Research,Ref-85-Research
1050,1050,,shared_semantic_dataset,,Ref-85-Research,Ref-85-Research
1051,1051,,shared_semantic_dataset,,Ref-85-Research,Ref-85-Research
1052,1052,,shared_semantic_dataset,,Ref-86-Research,Ref-86-Research
1053,1053,,shared_semantic_dataset,,Ref-86-Research,Ref-86-Research
1054,1054,,shared_semantic_dataset,,Ref-86-Research,Ref-86-Research
1061,1061,,shared_semantic_dataset,,Ref-88-Research,Ref-88-Research
1062,1062,,shared_semantic_dataset,,Ref-88-Research,Ref-88-Research
1063,1063,,shared_semantic_dataset,,Ref-88-Research,Ref-88-Research
1064,1064,,shared_semantic_dataset,,Ref-88-Research,Ref-88-Research
1065,1065,,shared_semantic_dataset,,Ref-88-Research,Ref-88-Research
1066,1066,,shared_semantic_dataset,,Ref-88-Research,Ref-88-Research
1067,1067,,shared_semantic_dataset,,Ref-88-Research,Ref-88-Research
1068,1068,,shared_semantic_dataset,,Ref-88-Research,Ref-88-Research
1071,1071,,shared_semantic_dataset,,Ref-90-Research,Ref-90-Research
1072,1072,,shared_semantic_dataset,,Ref-90-Research,Ref-90-Research
1073,1073,,shared_semantic_dataset,,Ref-90-Research,Ref-90-Research
1074,1074,,shared_semantic_dataset,,Ref-90-Research,Ref-90-Research
1075,1075,,shared_semantic_dataset,,Ref-90-Research,Ref-90-Research
1076,1076,,shared_semantic_dataset,,Ref-90-Research,Ref-90-Research
1077,1077,,shared_semantic_dataset,,Ref-90-Research,Ref-90-Research
1078,1078,,shared_semantic_dataset,,Ref-90-Research,Ref-90-Research
1079,1079,,shared_semantic_dataset,,Ref-90-Research,Ref-90-Research
1080,1080,,shared_semantic_dataset,,Ref-90-Research,Ref-90-Research
1081,1081,,shared_semantic_dataset,,Ref-90-Research,Ref-90-Research
1082,1082,,shared_semantic_dataset,,Ref-90-Research,Ref-90-Research
1083,1083,,shared_semantic_dataset,,Ref-91-Research,Ref-91-Research
1084,1084,,shared_semantic_dataset,,Ref-91-Research,Ref-91-Research
1085,1085,,shared_semantic_dataset,,Ref-91-Research,Ref-91-Research
1086,1086,,shared_semantic_dataset,,Ref-91-Research,Ref-91-Research
1087,1087,,shared_semantic_dataset,,Ref-91-Research,Ref-91-Research
1088,1088,,shared_semantic_dataset,,Ref-91-Research,Ref-91-Research
1089,1089,,shared_semantic_dataset,,Ref-91-Research,Ref-91-Research
1090,1090,,shared_semantic_dataset,,Ref-91-Research,Ref-91-Research
1091,1091,,shared_semantic_dataset,,Ref-91-Research,Ref-91-Research
1092,1092,,shared_semantic_dataset,,Ref-92-Research,Ref-92-Research
1093,1093,,shared_semantic_dataset,,Ref-92-Research,Ref-92-Research
1094,1094,,shared_semantic_dataset,,Ref-92-Research,Ref-92-Research
1095,1095,,shared_semantic_dataset,,Ref-92-Research,Ref-92-Research
1096,1096,,shared_semantic_dataset,,Ref-93-Research,Ref-93-Research
1097,1097,,shared_semantic_dataset,,Ref-93-Research,Ref-93-Research
1098,1098,,shared_semantic_dataset,,Ref-93-Research,Ref-93-Research
1099,1099,,shared_semantic_dataset,,Ref-93-Research,Ref-93-Research
1100,1100,,shared_semantic_dataset,,Ref-93-Research,Ref-93-Research
1101,1101,,shared_semantic_dataset,,Ref-93-Research,Ref-93-Research
1102,1102,,shared_semantic_dataset,,Ref-93-Research,Ref-93-Research
1103,1103,,shared_semantic_dataset,,Ref-93-Research,Ref-93-Research
1104,1104,,shared_semantic_dataset,,Ref-93-Research,Ref-93-Research
1105,1105,,shared_semantic_dataset,,Ref-93-Research,Ref-93-Research
1106,1106,,shared_semantic_dataset,,Ref-94-Research,Ref-94-Research
1107,1107,,shared_semantic_dataset,,Ref-94-Research,Ref-94-Research
1108,1108,,shared_semantic_dataset,,Ref-94-Research,Ref-94-Research
1109,1109,,shared_semantic_dataset,,Ref-94-Research,Ref-94-Research
1110,1110,,shared_semantic_dataset,,Ref-94-Research,Ref-94-Research
1115,1115,,shared_semantic_dataset,,Ref-96-Research,Ref-96-Research
1116,1116,,shared_semantic_dataset,,Ref-96-Research,Ref-96-Research
1117,1117,,shared_semantic_dataset,,Ref-96-Research,Ref-96-Research
1118,1118,,shared_semantic_dataset,,Ref-96-Research,Ref-96-Research
1119,1119,,shared_semantic_dataset,,Ref-96-Research,Ref-96-Research
1120,1120,,shared_semantic_dataset,,Ref-96-Research,Ref-96-Research
1121,1121,,shared_semantic_dataset,,Ref-96-Research,Ref-96-Research
1122,1122,,shared_semantic_dataset,,Ref-96-Research,Ref-96-Research
1124,1124,,shared_semantic_dataset,,Ref-98-Research,Ref-98-Research
1125,1125,,shared_semantic_dataset,,Ref-98-Research,Ref-98-Research
1126,1126,,shared_semantic_dataset,,Ref-98-Research,Ref-98-Research
1127,1127,,shared_semantic_dataset,,Ref-98-Research,Ref-98-Research
1128,1128,,shared_semantic_dataset,,Ref-98-Research,Ref-98-Research
1129,1129,,shared_semantic_dataset,,Ref-98-Research,Ref-98-Research
1130,1130,,shared_semantic_dataset,,Ref-98-Research,Ref-98-Research
1131,1131,,shared_semantic_dataset,,Ref-98-Research,Ref-98-Research
1132,1132,,shared_semantic_dataset,,Ref-98-Research,Ref-98-Research
1133,1133,,shared_semantic_dataset,,Ref-98-Research,Ref-98-Research
1134,1134,,shared_semantic_dataset,,Ref-98-Research,Ref-98-Research
1135,1135,,shared_semantic_dataset,,Ref-98-Research,Ref-98-Research
1136,1136,,shared_semantic_dataset,,Ref-98-Research,Ref-98-Research
1137,1137,,shared_semantic_dataset,,Ref-98-Research,Ref-98-Research
1138,1138,,shared_semantic_dataset,,Ref-98-Research,Ref-98-Research
1139,1139,,shared_semantic_dataset,,Ref-98-Research,Ref-98-Research
1140,1140,,shared_semantic_dataset,,Ref-99-Research,Ref-99-Research
1141,1141,,shared_semantic_dataset,,Ref-99-Research,Ref-99-Research
1142,1142,,shared_semantic_dataset,,Ref-99-Research,Ref-99-Research
1143,1143,,shared_semantic_dataset,,Ref-99-Research,Ref-99-Research
1144,1144,,shared_semantic_dataset,,Ref-99-Research,Ref-99-Research
1145,1145,,shared_semantic_dataset,,Ref-99-Research,Ref-99-Research
1146,1146,,shared_semantic_dataset,,Ref-99-Research,Ref-99-Research
1147,1147,,shared_semantic_dataset,,Ref-99-Research,Ref-99-Research
1148,1148,,shared_semantic_dataset,,Ref-99-Research,Ref-99-Research
1149,1149,,shared_semantic_dataset,,Ref-99-Research,Ref-99-Research
1150,1150,,shared_semantic_dataset,,Ref-100-Research,Ref-100-Research
1151,1151,,shared_semantic_dataset,,Ref-100-Research,Ref-100-Research
1152,1152,,shared_semantic_dataset,,Ref-100-Research,Ref-100-Research
1153,1153,,shared_semantic_dataset,,Ref-100-Research,Ref-100-Research
1154,1154,,shared_semantic_dataset,,Ref-100-Research,Ref-100-Research
1155,1155,,shared_semantic_dataset,,Ref-100-Research,Ref-100-Research
1156,1156,,shared_semantic_dataset,,Ref-100-Research,Ref-100-Research
1157,1157,,shared_semantic_dataset,,Ref-100-Research,Ref-100-Research
1158,1158,,shared_semantic_dataset,,Ref-101-Research,Ref-101-Research
1159,1159,,shared_semantic_dataset,,Ref-101-Research,Ref-101-Research
1160,1160,,shared_semantic_dataset,,Ref-101-Research,Ref-101-Research
1161,1161,,shared_semantic_dataset,,Ref-101-Research,Ref-101-Research
1162,1162,,shared_semantic_dataset,,Ref-101-Research,Ref-101-Research
1163,1163,,shared_semantic_dataset,,Ref-101-Research,Ref-101-Research
1164,1164,,shared_semantic_dataset,,Ref-101-Research,Ref-101-Research
1165,1165,,shared_semantic_dataset,,Ref-101-Research,Ref-101-Research
1166,1166,,shared_semantic_dataset,,Ref-101-Research,Ref-101-Research
1167,1167,,shared_semantic_dataset,,Ref-101-Research,Ref-101-Research
1168,1168,,shared_semantic_dataset,,Ref-101-Research,Ref-101-Research
1169,1169,,shared_semantic_dataset,,Ref-101-Research,Ref-101-Research
1170,1170,,shared_semantic_dataset,,Ref-101-Research,Ref-101-Research
1171,1171,,shared_semantic_dataset,,Ref-101-Research,Ref-101-Research
1172,1172,,shared_semantic_dataset,,Ref-101-Research,Ref-101-Research
1173,1173,,shared_semantic_dataset,,Ref-101-Research,Ref-101-Research
1174,1174,,shared_semantic_dataset,,Ref-101-Research,Ref-101-Research
1175,1175,,shared_semantic_dataset,,Ref-101-Research,Ref-101-Research
1176,1176,,shared_semantic_dataset,,Ref-101-Research,Ref-101-Research
1177,1177,,shared_semantic_dataset,,Ref-101-Research,Ref-101-Research
1178,1178,,shared_semantic_dataset,,Ref-101-Research,Ref-101-Research
1179,1179,,shared_semantic_dataset,,Ref-101-Research,Ref-101-Research
1180,1180,,shared_semantic_dataset,,Ref-101-Research,Ref-101-Research
1181,1181,,shared_semantic_dataset,,Ref-101-Research,Ref-101-Research
1182,1182,,shared_semantic_dataset,,Ref-101-Research,Ref-101-Research
1183,1183,,shared_semantic_dataset,,Ref-101-Research,Ref-101-Research
1184,1184,,shared_semantic_dataset,,Ref-101-Research,Ref-101-Research
1185,1185,,shared_semantic_dataset,,Ref-101-Research,Ref-101-Research
1186,1186,,shared_semantic_dataset,,Ref-102-Research,Ref-102-Research
1187,1187,,shared_semantic_dataset,,Ref-102-Research,Ref-102-Research
1188,1188,,shared_semantic_dataset,,Ref-102-Research,Ref-102-Research
1189,1189,,shared_semantic_dataset,,Ref-102-Research,Ref-102-Research
1190,1190,,shared_semantic_dataset,,Ref-102-Research,Ref-102-Research
1191,1191,,shared_semantic_dataset,,Ref-102-Research,Ref-102-Research
1192,1192,,shared_semantic_dataset,,Ref-102-Research,Ref-102-Research
1193,1193,,shared_semantic_dataset,,Ref-102-Research,Ref-102-Research
1194,1194,,shared_semantic_dataset,,Ref-102-Research,Ref-102-Research
1195,1195,,shared_semantic_dataset,,Ref-102-Research,Ref-102-Research
1196,1196,,shared_semantic_dataset,,Ref-102-Research,Ref-102-Research
1197,1197,,shared_semantic_dataset,,Ref-102-Research,Ref-102-Research
1198,1198,,shared_semantic_dataset,,Ref-102-Research,Ref-102-Research
1199,1199,,shared_semantic_dataset,,Ref-102-Research,Ref-102-Research
1200,1200,,shared_semantic_dataset,,Ref-102-Research,Ref-102-Research
1201,1201,,shared_semantic_dataset,,Ref-102-Research,Ref-102-Research
1202,1202,,shared_semantic_dataset,,Ref-103-Research,Ref-103-Research
1203,1203,,shared_semantic_dataset,,Ref-103-Research,Ref-103-Research
1204,1204,,shared_semantic_dataset,,Ref-103-Research,Ref-103-Research
1205,1205,,shared_semantic_dataset,,Ref-103-Research,Ref-103-Research
1206,1206,,shared_semantic_dataset,,Ref-103-Research,Ref-103-Research
1207,1207,,shared_semantic_dataset,,Ref-103-Research,Ref-103-Research
1208,1208,,shared_semantic_dataset,,Ref-103-Research,Ref-103-Research
1209,1209,,shared_semantic_dataset,,Ref-103-Research,Ref-103-Research
1210,1210,,shared_semantic_dataset,,Ref-103-Research,Ref-103-Research
1211,1211,,shared_semantic_dataset,,Ref-103-Research,Ref-103-Research
1212,1212,,shared_semantic_dataset,,Ref-104-Research,Ref-104-Research
1213,1213,,shared_semantic_dataset,,Ref-104-Research,Ref-104-Research
1214,1214,,shared_semantic_dataset,,Ref-104-Research,Ref-104-Research
1215,1215,,shared_semantic_dataset,,Ref-104-Research,Ref-104-Research
1216,1216,,shared_semantic_dataset,,Ref-104-Research,Ref-104-Research
1217,1217,,shared_semantic_dataset,,Ref-104-Research,Ref-104-Research
1218,1218,,shared_semantic_dataset,,Ref-104-Research,Ref-104-Research
1219,1219,,shared_semantic_dataset,,Ref-104-Research,Ref-104-Research
1220,1220,,shared_semantic_dataset,,Ref-105-Research,Ref-105-Research
1221,1221,,shared_semantic_dataset,,Ref-105-Research,Ref-105-Research
1222,1222,,shared_semantic_dataset,,Ref-105-Research,Ref-105-Research
1223,1223,,shared_semantic_dataset,,Ref-105-Research,Ref-105-Research
1224,1224,,shared_semantic_dataset,,Ref-105-Research,Ref-105-Research
1225,1225,,shared_semantic_dataset,,Ref-105-Research,Ref-105-Research
1226,1226,,shared_semantic_dataset,,Ref-105-Research,Ref-105-Research
1235,1235,,shared_semantic_dataset,,Ref-107-Research,Ref-107-Research
1236,1236,,shared_semantic_dataset,,Ref-107-Research,Ref-107-Research
1237,1237,,shared_semantic_dataset,,Ref-107-Research,Ref-107-Research
1238,1238,,shared_semantic_dataset,,Ref-107-Research,Ref-107-Research
1239,1239,,shared_semantic_dataset,,Ref-107-Research,Ref-107-Research
1240,1240,,shared_semantic_dataset,,Ref-107-Research,Ref-107-Research
1241,1241,,shared_semantic_dataset,,Ref-107-Research,Ref-107-Research
1242,1242,,shared_semantic_dataset,,Ref-107-Research,Ref-107-Research
1243,1243,,shared_semantic_dataset,,Ref-107-Research,Ref-107-Research
1244,1244,,shared_semantic_dataset,,Ref-107-Research,Ref-107-Research
1245,1245,,shared_semantic_dataset,,Ref-107-Research,Ref-107-Research
1246,1246,,shared_semantic_dataset,,Ref-107-Research,Ref-107-Research
1247,1247,,shared_semantic_dataset,,Ref-107-Research,Ref-107-Research
1248,1248,,shared_semantic_dataset,,Ref-107-Research,Ref-107-Research
1249,1249,,shared_semantic_dataset,,Ref-107-Research,Ref-107-Research
1250,1250,,shared_semantic_dataset,,Ref-107-Research,Ref-107-Research
1256,1256,,shared_semantic_dataset,,Ref-110-Research,Ref-110-Research
1257,1257,,shared_semantic_dataset,,Ref-110-Research,Ref-110-Research
1258,1258,,shared_semantic_dataset,,Ref-110-Research,Ref-110-Research
1259,1259,,shared_semantic_dataset,,Ref-110-Research,Ref-110-Research
1260,1260,,shared_semantic_dataset,,Ref-110-Research,Ref-110-Research
1261,1261,,shared_semantic_dataset,,Ref-110-Research,Ref-110-Research
1262,1262,,shared_semantic_dataset,,Ref-110-Research,Ref-110-Research
1263,1263,,shared_semantic_dataset,,Ref-110-Research,Ref-110-Research
1264,1264,,shared_semantic_dataset,,Ref-110-Research,Ref-110-Research
1265,1265,,shared_semantic_dataset,,Ref-110-Research,Ref-110-Research
1266,1266,,shared_semantic_dataset,,Ref-110-Research,Ref-110-Research
1267,1267,,shared_semantic_dataset,,Ref-110-Research,Ref-110-Research
1268,1268,,shared_semantic_dataset,,Ref-110-Research,Ref-110-Research
1269,1269,,shared_semantic_dataset,,Ref-110-Research,Ref-110-Research
1270,1270,,shared_semantic_dataset,,Ref-110-Research,Ref-110-Research
1271,1271,,shared_semantic_dataset,,Ref-110-Research,Ref-110-Research
1272,1272,,shared_semantic_dataset,,Ref-110-Research,Ref-110-Research
1273,1273,,shared_semantic_dataset,,Ref-110-Research,Ref-110-Research
1281,1281,,shared_semantic_dataset,,Ref-114-Research,Ref-114-Research
1282,1282,,shared_semantic_dataset,,Ref-114-Research,Ref-114-Research
1283,1283,,shared_semantic_dataset,,Ref-114-Research,Ref-114-Research
1284,1284,,shared_semantic_dataset,,Ref-114-Research,Ref-114-Research
1285,1285,,shared_semantic_dataset,,Ref-114-Research,Ref-114-Research
1286,1286,,shared_semantic_dataset,,Ref-115-Research,Ref-115-Research
1287,1287,,shared_semantic_dataset,,Ref-115-Research,Ref-115-Research
1288,1288,,shared_semantic_dataset,,Ref-115-Research,Ref-115-Research
1289,1289,,shared_semantic_dataset,,Ref-115-Research,Ref-115-Research
1290,1290,,shared_semantic_dataset,,Ref-115-Research,Ref-115-Research
1291,1291,,shared_semantic_dataset,,Ref-116-Research,Ref-116-Research
1292,1292,,shared_semantic_dataset,,Ref-116-Research,Ref-116-Research
1293,1293,,shared_semantic_dataset,,Ref-116-Research,Ref-116-Research
1294,1294,,shared_semantic_dataset,,Ref-116-Research,Ref-116-Research
1295,1295,,shared_semantic_dataset,,Ref-116-Research,Ref-116-Research
1296,1296,,shared_semantic_dataset,,Ref-116-Research,Ref-116-Research
1297,1297,,shared_semantic_dataset,,Ref-116-Research,Ref-116-Research
1298,1298,,shared_semantic_dataset,,Ref-116-Research,Ref-116-Research
1299,1299,,shared_semantic_dataset,,Ref-116-Research,Ref-116-Research
1300,1300,,shared_semantic_dataset,,Ref-116-Research,Ref-116-Research
1301,1301,,shared_semantic_dataset,,Ref-116-Research,Ref-116-Research
1302,1302,,shared_semantic_dataset,,Ref-116-Research,Ref-116-Research
1303,1303,,shared_semantic_dataset,,Ref-116-Research,Ref-116-Research
1304,1304,,shared_semantic_dataset,,Ref-116-Research,Ref-116-Research
1305,1305,,shared_semantic_dataset,,Ref-116-Research,Ref-116-Research
1306,1306,,shared_semantic_dataset,,Ref-116-Research,Ref-116-Research
1307,1307,,shared_semantic_dataset,,Ref-116-Research,Ref-116-Research
1308,1308,,shared_semantic_dataset,,Ref-116-Research,Ref-116-Research
1309,1309,,shared_semantic_dataset,,Ref-116-Research,Ref-116-Research
1310,1310,,shared_semantic_dataset,,Ref-116-Research,Ref-116-Research
1311,1311,,shared_semantic_dataset,,Ref-116-Research,Ref-116-Research
1312,1312,,shared_semantic_dataset,,Ref-116-Research,Ref-116-Research
1313,1313,,shared_semantic_dataset,,Ref-116-Research,Ref-116-Research
1314,1314,,shared_semantic_dataset,,Ref-116-Research,Ref-116-Research
1315,1315,,shared_semantic_dataset,,Ref-116-Research,Ref-116-Research
1316,1316,,shared_semantic_dataset,,Ref-116-Research,Ref-116-Research
1317,1317,,shared_semantic_dataset,,Ref-116-Research,Ref-116-Research
1318,1318,,shared_semantic_dataset,,Ref-116-Research,Ref-116-Research
1319,1319,,shared_semantic_dataset,,Ref-116-Research,Ref-116-Research
1320,1320,,shared_semantic_dataset,,Ref-116-Research,Ref-116-Research
1321,1321,,shared_semantic_dataset,,Ref-116-Research,Ref-116-Research
1322,1322,,shared_semantic_dataset,,Ref-116-Research,Ref-116-Research
1323,1323,,shared_semantic_dataset,,Ref-116-Research,Ref-116-Research
1324,1324,,shared_semantic_dataset,,Ref-116-Research,Ref-116-Research
1325,1325,,shared_semantic_dataset,,Ref-116-Research,Ref-116-Research
1326,1326,,shared_semantic_dataset,,Ref-116-Research,Ref-116-Research
1327,1327,,shared_semantic_dataset,,Ref-117-Research,Ref-117-Research
1328,1328,,shared_semantic_dataset,,Ref-117-Research,Ref-117-Research
1329,1329,,shared_semantic_dataset,,Ref-117-Research,Ref-117-Research
1330,1330,,shared_semantic_dataset,,Ref-117-Research,Ref-117-Research
1331,1331,,shared_semantic_dataset,,Ref-117-Research,Ref-117-Research
1332,1332,,shared_semantic_dataset,,Ref-118-Research,Ref-118-Research
1333,1333,,shared_semantic_dataset,,Ref-118-Research,Ref-118-Research
1334,1334,,shared_semantic_dataset,,Ref-118-Research,Ref-118-Research
1335,1335,,shared_semantic_dataset,,Ref-118-Research,Ref-118-Research
1336,1336,,shared_semantic_dataset,,Ref-118-Research,Ref-118-Research
1422,1422,,shared_semantic_dataset,,Ref-122-Research,Ref-122-Research
1423,1423,,shared_semantic_dataset,,Ref-122-Research,Ref-122-Research
1424,1424,,shared_semantic_dataset,,Ref-122-Research,Ref-122-Research
1425,1425,,shared_semantic_dataset,,Ref-122-Research,Ref-122-Research
1426,1426,,shared_semantic_dataset,,Ref-122-Research,Ref-122-Research
1427,1427,,shared_semantic_dataset,,Ref-122-Research,Ref-122-Research
1428,1428,,shared_semantic_dataset,,Ref-122-Research,Ref-122-Research
1429,1429,,shared_semantic_dataset,,Ref-122-Research,Ref-122-Research
1430,1430,,shared_semantic_dataset,,Ref-122-Research,Ref-122-Research
1431,1431,,shared_semantic_dataset,,Ref-122-Research,Ref-122-Research
1432,1432,,shared_semantic_dataset,,Ref-122-Research,Ref-122-Research
1433,1433,,shared_semantic_dataset,,Ref-122-Research,Ref-122-Research
1434,1434,,shared_semantic_dataset,,Ref-122-Research,Ref-122-Research
1435,1435,,shared_semantic_dataset,,Ref-122-Research,Ref-122-Research
1436,1436,,shared_semantic_dataset,,Ref-122-Research,Ref-122-Research
1437,1437,,shared_semantic_dataset,,Ref-122-Research,Ref-122-Research
1438,1438,,shared_semantic_dataset,,Ref-122-Research,Ref-122-Research
1439,1439,,shared_semantic_dataset,,Ref-122-Research,Ref-122-Research
1440,1440,,shared_semantic_dataset,,Ref-123-Research,Ref-123-Research
1441,1441,,shared_semantic_dataset,,Ref-123-Research,Ref-123-Research
1442,1442,,shared_semantic_dataset,,Ref-123-Research,Ref-123-Research
1443,1443,,shared_semantic_dataset,,Ref-123-Research,Ref-123-Research
1444,1444,,shared_semantic_dataset,,Ref-123-Research,Ref-123-Research
1445,1445,,shared_semantic_dataset,,Ref-123-Research,Ref-123-Research
1446,1446,,shared_semantic_dataset,,Ref-123-Research,Ref-123-Research
1447,1447,,shared_semantic_dataset,,Ref-123-Research,Ref-123-Research
1448,1448,,shared_semantic_dataset,,Ref-123-Research,Ref-123-Research
1449,1449,,shared_semantic_dataset,,Ref-123-Research,Ref-123-Research
1450,1450,,shared_semantic_dataset,,Ref-123-Research,Ref-123-Research
1451,1451,,shared_semantic_dataset,,Ref-124-Research,Ref-124-Research
1452,1452,,shared_semantic_dataset,,Ref-124-Research,Ref-124-Research
1453,1453,,shared_semantic_dataset,,Ref-124-Research,Ref-124-Research
1454,1454,,shared_semantic_dataset,,Ref-124-Research,Ref-124-Research
1455,1455,,shared_semantic_dataset,,Ref-124-Research,Ref-124-Research
1456,1456,,shared_semantic_dataset,,Ref-124-Research,Ref-124-Research
1457,1457,,shared_semantic_dataset,,Ref-124-Research,Ref-124-Research
1458,1458,,shared_semantic_dataset,,Ref-124-Research,Ref-124-Research
1459,1459,,shared_semantic_dataset,,Ref-124-Research,Ref-124-Research
1460,1460,,shared_semantic_dataset,,Ref-124-Research,Ref-124-Research
1461,1461,,shared_semantic_dataset,,Ref-125-Research,Ref-125-Research
1462,1462,,shared_semantic_dataset,,Ref-125-Research,Ref-125-Research
1463,1463,,shared_semantic_dataset,,Ref-125-Research,Ref-125-Research
1464,1464,,shared_semantic_dataset,,Ref-125-Research,Ref-125-Research
1465,1465,,shared_semantic_dataset,,Ref-125-Research,Ref-125-Research
1466,1466,,shared_semantic_dataset,,Ref-125-Research,Ref-125-Research
1467,1467,,shared_semantic_dataset,,Ref-125-Research,Ref-125-Research
1468,1468,,shared_semantic_dataset,,Ref-125-Research,Ref-125-Research
1469,1469,,shared_semantic_dataset,,Ref-125-Research,Ref-125-Research
1470,1470,,shared_semantic_dataset,,Ref-125-Research,Ref-125-Research
1471,1471,,shared_semantic_dataset,,Ref-125-Research,Ref-125-Research
1472,1472,,shared_semantic_dataset,,Ref-125-Research,Ref-125-Research
1473,1473,,shared_semantic_dataset,,Ref-125-Research,Ref-125-Research
1474,1474,,shared_semantic_dataset,,Ref-125-Research,Ref-125-Research
1475,1475,,shared_semantic_dataset,,Ref-125-Research,Ref-125-Research
1476,1476,,shared_semantic_dataset,,Ref-125-Research,Ref-125-Research
1477,1477,,shared_semantic_dataset,,Ref-126-Research,Ref-126-Research
1478,1478,,shared_semantic_dataset,,Ref-126-Research,Ref-126-Research
1479,1479,,shared_semantic_dataset,,Ref-126-Research,Ref-126-Research
1480,1480,,shared_semantic_dataset,,Ref-126-Research,Ref-126-Research
1481,1481,,shared_semantic_dataset,,Ref-126-Research,Ref-126-Research
1482,1482,,shared_semantic_dataset,,Ref-127-Research,Ref-127-Research
1483,1483,,shared_semantic_dataset,,Ref-127-Research,Ref-127-Research
1484,1484,,shared_semantic_dataset,,Ref-127-Research,Ref-127-Research
1489,1489,,shared_semantic_dataset,,Ref-130-Research,Ref-130-Research
1490,1490,,shared_semantic_dataset,,Ref-130-Research,Ref-130-Research
1491,1491,,shared_semantic_dataset,,Ref-130-Research,Ref-130-Research
1492,1492,,shared_semantic_dataset,,Ref-130-Research,Ref-130-Research
1493,1493,,shared_semantic_dataset,,Ref-130-Research,Ref-130-Research
1494,1494,,shared_semantic_dataset,,Ref-130-Research,Ref-130-Research
1509,1509,,shared_semantic_dataset,,Ref-134-Research,Ref-134-Research
1510,1510,,shared_semantic_dataset,,Ref-134-Research,Ref-134-Research
1511,1511,,shared_semantic_dataset,,Ref-134-Research,Ref-134-Research
1512,1512,,shared_semantic_dataset,,Ref-134-Research,Ref-134-Research
1513,1513,,shared_semantic_dataset,,Ref-134-Research,Ref-134-Research
1514,1514,,shared_semantic_dataset,,Ref-134-Research,Ref-134-Research
1515,1515,,shared_semantic_dataset,,Ref-134-Research,Ref-134-Research
1516,1516,,shared_semantic_dataset,,Ref-134-Research,Ref-134-Research
1517,1517,,shared_semantic_dataset,,Ref-134-Research,Ref-134-Research
1518,1518,,shared_semantic_dataset,,Ref-134-Research,Ref-134-Research
1519,1519,,shared_semantic_dataset,,Ref-134-Research,Ref-134-Research
1520,1520,,shared_semantic_dataset,,Ref-134-Research,Ref-134-Research
1521,1521,,shared_semantic_dataset,,Ref-134-Research,Ref-134-Research
1522,1522,,shared_semantic_dataset,,Ref-134-Research,Ref-134-Research
1523,1523,,shared_semantic_dataset,,Ref-134-Research,Ref-134-Research
1524,1524,,shared_semantic_dataset,,Ref-134-Research,Ref-134-Research
1525,1525,,shared_semantic_dataset,,Ref-134-Research,Ref-134-Research
1526,1526,,shared_semantic_dataset,,Ref-134-Research,Ref-134-Research
1527,1527,,shared_semantic_dataset,,Ref-134-Research,Ref-134-Research
1528,1528,,shared_semantic_dataset,,Ref-134-Research,Ref-134-Research
1529,1529,,shared_semantic_dataset,,Ref-135-Research,Ref-135-Research
1530,1530,,shared_semantic_dataset,,Ref-135-Research,Ref-135-Research
1531,1531,,shared_semantic_dataset,,Ref-135-Research,Ref-135-Research
1532,1532,,shared_semantic_dataset,,Ref-135-Research,Ref-135-Research
1533,1533,,shared_semantic_dataset,,Ref-135-Research,Ref-135-Research
1534,1534,,shared_semantic_dataset,,Ref-135-Research,Ref-135-Research
1535,1535,,shared_semantic_dataset,,Ref-135-Research,Ref-135-Research
1536,1536,,shared_semantic_dataset,,Ref-135-Research,Ref-135-Research
1537,1537,,shared_semantic_dataset,,Ref-135-Research,Ref-135-Research
1538,1538,,shared_semantic_dataset,,Ref-135-Research,Ref-135-Research
1539,1539,,shared_semantic_dataset,,Ref-135-Research,Ref-135-Research
1540,1540,,shared_semantic_dataset,,Ref-135-Research,Ref-135-Research
1541,1541,,shared_semantic_dataset,,Ref-135-Research,Ref-135-Research
1542,1542,,shared_semantic_dataset,,Ref-135-Research,Ref-135-Research
1543,1543,,shared_semantic_dataset,,Ref-135-Research,Ref-135-Research
1544,1544,,shared_semantic_dataset,,Ref-135-Research,Ref-135-Research
1545,1545,,shared_semantic_dataset,,Ref-135-Research,Ref-135-Research
1546,1546,,shared_semantic_dataset,,Ref-135-Research,Ref-135-Research
1547,1547,,shared_semantic_dataset,,Ref-135-Research,Ref-135-Research
1548,1548,,shared_semantic_dataset,,Ref-135-Research,Ref-135-Research
1549,1549,,shared_semantic_dataset,,Ref-135-Research,Ref-135-Research
1550,1550,,shared_semantic_dataset,,Ref-135-Research,Ref-135-Research
1551,1551,,shared_semantic_dataset,,Ref-135-Research,Ref-135-Research
1552,1552,,shared_semantic_dataset,,Ref-135-Research,Ref-135-Research
1553,1553,,shared_semantic_dataset,,Ref-135-Research,Ref-135-Research
1554,1554,,shared_semantic_dataset,,Ref-135-Research,Ref-135-Research
1555,1555,,shared_semantic_dataset,,Ref-135-Research,Ref-135-Research
1556,1556,,shared_semantic_dataset,,Ref-135-Research,Ref-135-Research
1557,1557,,shared_semantic_dataset,,Ref-135-Research,Ref-135-Research
1558,1558,,shared_semantic_dataset,,Ref-135-Research,Ref-135-Research
1559,1559,,shared_semantic_dataset,,Ref-135-Research,Ref-135-Research
1560,1560,,shared_semantic_dataset,,Ref-135-Research,Ref-135-Research
1561,1561,,shared_semantic_dataset,,Ref-135-Research,Ref-135-Research
1562,1562,,shared_semantic_dataset,,Ref-135-Research,Ref-135-Research
1563,1563,,shared_semantic_dataset,,Ref-135-Research,Ref-135-Research
1564,1564,,shared_semantic_dataset,,Ref-135-Research,Ref-135-Research
1565,1565,,shared_semantic_dataset,,Ref-135-Research,Ref-135-Research
1566,1566,,shared_semantic_dataset,,Ref-135-Research,Ref-135-Research
1567,1567,,shared_semantic_dataset,,Ref-135-Research,Ref-135-Research
1568,1568,,shared_semantic_dataset,,Ref-135-Research,Ref-135-Research
1569,1569,,shared_semantic_dataset,,Ref-135-Research,Ref-135-Research
1570,1570,,shared_semantic_dataset,,Ref-135-Research,Ref-135-Research
1571,1571,,shared_semantic_dataset,,Ref-135-Research,Ref-135-Research
1585,1585,,shared_semantic_dataset,,Ref-138-Research,Ref-138-Research
1586,1586,,shared_semantic_dataset,,Ref-138-Research,Ref-138-Research
1587,1587,,shared_semantic_dataset,,Ref-138-Research,Ref-138-Research
1588,1588,,shared_semantic_dataset,,Ref-138-Research,Ref-138-Research
1589,1589,,shared_semantic_dataset,,Ref-138-Research,Ref-138-Research
1590,1590,,shared_semantic_dataset,,Ref-138-Research,Ref-138-Research
1591,1591,,shared_semantic_dataset,,Ref-139-Research,Ref-139-Research
1592,1592,,shared_semantic_dataset,,Ref-139-Research,Ref-139-Research
1593,1593,,shared_semantic_dataset,,Ref-139-Research,Ref-139-Research
1594,1594,,shared_semantic_dataset,,Ref-139-Research,Ref-139-Research
1595,1595,,shared_semantic_dataset,,Ref-139-Research,Ref-139-Research
1596,1596,,shared_semantic_dataset,,Ref-139-Research,Ref-139-Research
1597,1597,,shared_semantic_dataset,,Ref-139-Research,Ref-139-Research
1598,1598,,shared_semantic_dataset,,Ref-139-Research,Ref-139-Research
1599,1599,,shared_semantic_dataset,,Ref-139-Research,Ref-139-Research
1600,1600,,shared_semantic_dataset,,Ref-139-Research,Ref-139-Research
1601,1601,,shared_semantic_dataset,,Ref-139-Research,Ref-139-Research
1602,1602,,shared_semantic_dataset,,Ref-139-Research,Ref-139-Research
1603,1603,,shared_semantic_dataset,,Ref-139-Research,Ref-139-Research
1604,1604,,shared_semantic_dataset,,Ref-139-Research,Ref-139-Research
1605,1605,,shared_semantic_dataset,,Ref-139-Research,Ref-139-Research
1606,1606,,shared_semantic_dataset,,Ref-139-Research,Ref-139-Research
1607,1607,,shared_semantic_dataset,,Ref-139-Research,Ref-139-Research
1608,1608,,shared_semantic_dataset,,Ref-139-Research,Ref-139-Research
1609,1609,,shared_semantic_dataset,,Ref-139-Research,Ref-139-Research
1610,1610,,shared_semantic_dataset,,Ref-139-Research,Ref-139-Research
1611,1611,,shared_semantic_dataset,,Ref-139-Research,Ref-139-Research
1612,1612,,shared_semantic_dataset,,Ref-139-Research,Ref-139-Research
1613,1613,,shared_semantic_dataset,,Ref-139-Research,Ref-139-Research
1614,1614,,shared_semantic_dataset,,Ref-139-Research,Ref-139-Research
1615,1615,,shared_semantic_dataset,,Ref-139-Research,Ref-139-Research
1616,1616,,shared_semantic_dataset,,Ref-139-Research,Ref-139-Research
1617,1617,,shared_semantic_dataset,,Ref-139-Research,Ref-139-Research
1618,1618,,shared_semantic_dataset,,Ref-139-Research,Ref-139-Research
1619,1619,,shared_semantic_dataset,,Ref-139-Research,Ref-139-Research
1620,1620,,shared_semantic_dataset,,Ref-139-Research,Ref-139-Research
1621,1621,,shared_semantic_dataset,,Ref-139-Research,Ref-139-Research
1622,1622,,shared_semantic_dataset,,Ref-139-Research,Ref-139-Research
1623,1623,,shared_semantic_dataset,,Ref-139-Research,Ref-139-Research
1624,1624,,shared_semantic_dataset,,Ref-139-Research,Ref-139-Research
1625,1625,,shared_semantic_dataset,,Ref-139-Research,Ref-139-Research
1626,1626,,shared_semantic_dataset,,Ref-139-Research,Ref-139-Research
1627,1627,,shared_semantic_dataset,,Ref-139-Research,Ref-139-Research
1628,1628,,shared_semantic_dataset,,Ref-139-Research,Ref-139-Research
1629,1629,,shared_semantic_dataset,,Ref-139-Research,Ref-139-Research
1630,1630,,shared_semantic_dataset,,Ref-139-Research,Ref-139-Research
1631,1631,,shared_semantic_dataset,,Ref-139-Research,Ref-139-Research
1632,1632,,shared_semantic_dataset,,Ref-139-Research,Ref-139-Research
1633,1633,,shared_semantic_dataset,,Ref-139-Research,Ref-139-Research
1634,1634,,shared_semantic_dataset,,Ref-139-Research,Ref-139-Research
1635,1635,,shared_semantic_dataset,,Ref-139-Research,Ref-139-Research
1636,1636,,shared_semantic_dataset,,Ref-139-Research,Ref-139-Research
1637,1637,,shared_semantic_dataset,,Ref-139-Research,Ref-139-Research
1638,1638,,shared_semantic_dataset,,Ref-139-Research,Ref-139-Research
1639,1639,,shared_semantic_dataset,,Ref-139-Research,Ref-139-Research
1640,1640,,shared_semantic_dataset,,Ref-139-Research,Ref-139-Research
1641,1641,,shared_semantic_dataset,,Ref-139-Research,Ref-139-Research
1642,1642,,shared_semantic_dataset,,Ref-140-Research,Ref-140-Research
1643,1643,,shared_semantic_dataset,,Ref-140-Research,Ref-140-Research
1644,1644,,shared_semantic_dataset,,Ref-140-Research,Ref-140-Research
1645,1645,,shared_semantic_dataset,,Ref-140-Research,Ref-140-Research
1646,1646,,shared_semantic_dataset,,Ref-140-Research,Ref-140-Research
1647,1647,,shared_semantic_dataset,,Ref-140-Research,Ref-140-Research
1721,1721,,shared_semantic_dataset,,Ref-142-Research,Ref-142-Research
1722,1722,,shared_semantic_dataset,,Ref-142-Research,Ref-142-Research
1723,1723,,shared_semantic_dataset,,Ref-142-Research,Ref-142-Research
1724,1724,,shared_semantic_dataset,,Ref-142-Research,Ref-142-Research
1725,1725,,shared_semantic_dataset,,Ref-142-Research,Ref-142-Research
1726,1726,,shared_semantic_dataset,,Ref-142-Research,Ref-142-Research
1727,1727,,shared_semantic_dataset,,Ref-142-Research,Ref-142-Research
1728,1728,,shared_semantic_dataset,,Ref-142-Research,Ref-142-Research
1729,1729,,shared_semantic_dataset,,Ref-142-Research,Ref-142-Research
1730,1730,,shared_semantic_dataset,,Ref-142-Research,Ref-142-Research
1731,1731,,shared_semantic_dataset,,Ref-142-Research,Ref-142-Research
1732,1732,,shared_semantic_dataset,,Ref-142-Research,Ref-142-Research
1733,1733,,shared_semantic_dataset,,Ref-143-Research,Ref-143-Research
1734,1734,,shared_semantic_dataset,,Ref-143-Research,Ref-143-Research
1735,1735,,shared_semantic_dataset,,Ref-143-Research,Ref-143-Research
1848,1848,,shared_semantic_dataset,,Ref-145-Research,Ref-145-Research
1849,1849,,shared_semantic_dataset,,Ref-145-Research,Ref-145-Research
1850,1850,,shared_semantic_dataset,,Ref-145-Research,Ref-145-Research
1851,1851,,shared_semantic_dataset,,Ref-145-Research,Ref-145-Research
1852,1852,,shared_semantic_dataset,,Ref-145-Research,Ref-145-Research
1853,1853,,shared_semantic_dataset,,Ref-145-Research,Ref-145-Research
1854,1854,,shared_semantic_dataset,,Ref-145-Research,Ref-145-Research
1855,1855,,shared_semantic_dataset,,Ref-146-Research,Ref-146-Research
1856,1856,,shared_semantic_dataset,,Ref-146-Research,Ref-146-Research
1857,1857,,shared_semantic_dataset,,Ref-146-Research,Ref-146-Research
1858,1858,,shared_semantic_dataset,,Ref-146-Research,Ref-146-Research
1859,1859,,shared_semantic_dataset,,Ref-147-Research,Ref-147-Research
1860,1860,,shared_semantic_dataset,,Ref-147-Research,Ref-147-Research
1861,1861,,shared_semantic_dataset,,Ref-147-Research,Ref-147-Research
1862,1862,,shared_semantic_dataset,,Ref-147-Research,Ref-147-Research
1863,1863,,shared_semantic_dataset,,Ref-147-Research,Ref-147-Research
1864,1864,,shared_semantic_dataset,,Ref-147-Research,Ref-147-Research
1865,1865,,shared_semantic_dataset,,Ref-147-Research,Ref-147-Research
1866,1866,,shared_semantic_dataset,,Ref-147-Research,Ref-147-Research
1867,1867,,shared_semantic_dataset,,Ref-147-Research,Ref-147-Research
1868,1868,,shared_semantic_dataset,,Ref-147-Research,Ref-147-Research
1869,1869,,shared_semantic_dataset,,Ref-147-Research,Ref-147-Research
1870,1870,,shared_semantic_dataset,,Ref-147-Research,Ref-147-Research
1871,1871,,shared_semantic_dataset,,Ref-147-Research,Ref-147-Research
1872,1872,,shared_semantic_dataset,,Ref-147-Research,Ref-147-Research
1873,1873,,shared_semantic_dataset,,Ref-147-Research,Ref-147-Research
1874,1874,,shared_semantic_dataset,,Ref-147-Research,Ref-147-Research
1875,1875,,shared_semantic_dataset,,Ref-148-Research,Ref-148-Research
1876,1876,,shared_semantic_dataset,,Ref-148-Research,Ref-148-Research
1877,1877,,shared_semantic_dataset,,Ref-148-Research,Ref-148-Research
1878,1878,,shared_semantic_dataset,,Ref-148-Research,Ref-148-Research
1883,1883,,shared_semantic_dataset,,Ref-150-Research,Ref-150-Research
1884,1884,,shared_semantic_dataset,,Ref-150-Research,Ref-150-Research
1885,1885,,shared_semantic_dataset,,Ref-150-Research,Ref-150-Research
1886,1886,,shared_semantic_dataset,,Ref-150-Research,Ref-150-Research
1887,1887,,shared_semantic_dataset,,Ref-150-Research,Ref-150-Research
1888,1888,,shared_semantic_dataset,,Ref-150-Research,Ref-150-Research
1889,1889,,shared_semantic_dataset,,Ref-150-Research,Ref-150-Research
1890,1890,,shared_semantic_dataset,,Ref-150-Research,Ref-150-Research
1891,1891,,shared_semantic_dataset,,Ref-150-Research,Ref-150-Research
1892,1892,,shared_semantic_dataset,,Ref-150-Research,Ref-150-Research
1893,1893,,shared_semantic_dataset,,Ref-150-Research,Ref-150-Research
1945,1945,,shared_semantic_dataset,,Ref-155-Research,Ref-155-Research
1946,1946,,shared_semantic_dataset,,Ref-155-Research,Ref-155-Research
1947,1947,,shared_semantic_dataset,,Ref-155-Research,Ref-155-Research
1948,1948,,shared_semantic_dataset,,Ref-155-Research,Ref-155-Research
1949,1949,,shared_semantic_dataset,,Ref-155-Research,Ref-155-Research
1950,1950,,shared_semantic_dataset,,Ref-155-Research,Ref-155-Research
1951,1951,,shared_semantic_dataset,,Ref-155-Research,Ref-155-Research
1952,1952,,shared_semantic_dataset,,Ref-155-Research,Ref-155-Research
1953,1953,,shared_semantic_dataset,,Ref-155-Research,Ref-155-Research
1954,1954,,shared_semantic_dataset,,Ref-155-Research,Ref-155-Research
1955,1955,,shared_semantic_dataset,,Ref-155-Research,Ref-155-Research
1956,1956,,shared_semantic_dataset,,Ref-155-Research,Ref-155-Research
1957,1957,,shared_semantic_dataset,,Ref-155-Research,Ref-155-Research
1958,1958,,shared_semantic_dataset,,Ref-155-Research,Ref-155-Research
1959,1959,,shared_semantic_dataset,,Ref-155-Research,Ref-155-Research
1960,1960,,shared_semantic_dataset,,Ref-155-Research,Ref-155-Research
1961,1961,,shared_semantic_dataset,,Ref-155-Research,Ref-155-Research
1962,1962,,shared_semantic_dataset,,Ref-155-Research,Ref-155-Research
1963,1963,,shared_semantic_dataset,,Ref-155-Research,Ref-155-Research
1964,1964,,shared_semantic_dataset,,Ref-155-Research,Ref-155-Research
1965,1965,,shared_semantic_dataset,,Ref-156-Research,Ref-156-Research
1966,1966,,shared_semantic_dataset,,Ref-156-Research,Ref-156-Research
1967,1967,,shared_semantic_dataset,,Ref-156-Research,Ref-156-Research
1968,1968,,shared_semantic_dataset,,Ref-156-Research,Ref-156-Research
1969,1969,,shared_semantic_dataset,,Ref-156-Research,Ref-156-Research
1970,1970,,shared_semantic_dataset,,Ref-156-Research,Ref-156-Research
1971,1971,,shared_semantic_dataset,,Ref-156-Research,Ref-156-Research
1972,1972,,shared_semantic_dataset,,Ref-156-Research,Ref-156-Research
1973,1973,,shared_semantic_dataset,,Ref-156-Research,Ref-156-Research
1974,1974,,shared_semantic_dataset,,Ref-156-Research,Ref-156-Research
1975,1975,,shared_semantic_dataset,,Ref-157-Research,Ref-157-Research
1976,1976,,shared_semantic_dataset,,Ref-157-Research,Ref-157-Research
1977,1977,,shared_semantic_dataset,,Ref-157-Research,Ref-157-Research
1978,1978,,shared_semantic_dataset,,Ref-157-Research,Ref-157-Research
1979,1979,,shared_semantic_dataset,,Ref-157-Research,Ref-157-Research
1980,1980,,shared_semantic_dataset,,Ref-157-Research,Ref-157-Research
1981,1981,,shared_semantic_dataset,,Ref-157-Research,Ref-157-Research
1982,1982,,shared_semantic_dataset,,Ref-157-Research,Ref-157-Research
1983,1983,,shared_semantic_dataset,,Ref-157-Research,Ref-157-Research
1984,1984,,shared_semantic_dataset,,Ref-157-Research,Ref-157-Research
1985,1985,,shared_semantic_dataset,,Ref-157-Research,Ref-157-Research
1986,1986,,shared_semantic_dataset,,Ref-157-Research,Ref-157-Research
1987,1987,,shared_semantic_dataset,,Ref-157-Research,Ref-157-Research
1988,1988,,shared_semantic_dataset,,Ref-157-Research,Ref-157-Research
1989,1989,,shared_semantic_dataset,,Ref-157-Research,Ref-157-Research
1990,1990,,shared_semantic_dataset,,Ref-158-Research,Ref-158-Research
1991,1991,,shared_semantic_dataset,,Ref-158-Research,Ref-158-Research
1992,1992,,shared_semantic_dataset,,Ref-158-Research,Ref-158-Research
1993,1993,,shared_semantic_dataset,,Ref-158-Research,Ref-158-Research
1994,1994,,shared_semantic_dataset,,Ref-159-Research,Ref-159-Research
1995,1995,,shared_semantic_dataset,,Ref-159-Research,Ref-159-Research
1996,1996,,shared_semantic_dataset,,Ref-159-Research,Ref-159-Research
1997,1997,,shared_semantic_dataset,,Ref-159-Research,Ref-159-Research
1998,1998,,shared_semantic_dataset,,Ref-159-Research,Ref-159-Research
2034,2034,,shared_semantic_dataset,,Ref-163-Research,Ref-163-Research
2035,2035,,shared_semantic_dataset,,Ref-163-Research,Ref-163-Research
2036,2036,,shared_semantic_dataset,,Ref-163-Research,Ref-163-Research
2037,2037,,shared_semantic_dataset,,Ref-163-Research,Ref-163-Research
2038,2038,,shared_semantic_dataset,,Ref-163-Research,Ref-163-Research
2043,2043,,shared_semantic_dataset,,Ref-165-Research,Ref-165-Research
2044,2044,,shared_semantic_dataset,,Ref-165-Research,Ref-165-Research
2045,2045,,shared_semantic_dataset,,Ref-165-Research,Ref-165-Research
2046,2046,,shared_semantic_dataset,,Ref-165-Research,Ref-165-Research
2047,2047,,shared_semantic_dataset,,Ref-165-Research,Ref-165-Research
2048,2048,,shared_semantic_dataset,,Ref-165-Research,Ref-165-Research
2057,2057,,shared_semantic_dataset,,Ref-168-Research,Ref-168-Research
2058,2058,,shared_semantic_dataset,,Ref-168-Research,Ref-168-Research
2059,2059,,shared_semantic_dataset,,Ref-168-Research,Ref-168-Research
2060,2060,,shared_semantic_dataset,,Ref-168-Research,Ref-168-Research
2061,2061,,shared_semantic_dataset,,Ref-168-Research,Ref-168-Research
2062,2062,,shared_semantic_dataset,,Ref-168-Research,Ref-168-Research
2063,2063,,shared_semantic_dataset,,Ref-168-Research,Ref-168-Research
2064,2064,,shared_semantic_dataset,,Ref-168-Research,Ref-168-Research
2065,2065,,shared_semantic_dataset,,Ref-168-Research,Ref-168-Research
2066,2066,,shared_semantic_dataset,,Ref-168-Research,Ref-168-Research
2067,2067,,shared_semantic_dataset,,Ref-168-Research,Ref-168-Research
2068,2068,,shared_semantic_dataset,,Ref-168-Research,Ref-168-Research
2069,2069,,shared_semantic_dataset,,Ref-168-Research,Ref-168-Research
2070,2070,,shared_semantic_dataset,,Ref-168-Research,Ref-168-Research
2071,2071,,shared_semantic_dataset,,Ref-168-Research,Ref-168-Research
2072,2072,,shared_semantic_dataset,,Ref-168-Research,Ref-168-Research
